Tradedate,1,2,63,66,69,100,157,166,301,333,338,408,425,538,568,596,625,651,661,703,708,725,768,776,786,792,800,858,876,877,895,938,963,977,1289,1979,2001,2007,2008,2027,2032,2049,2050,2064,2074,2120,2129,2142,2179,2202,2230,2236,2241,2252,2271,2304,2311,2352,2371,2410,2414,2415,2459,2460,2466,2475,2493,2555,2568,2594,2600,2601,2602,2607,2648,2709,2714,2736,2791,2812,2821,2841,2916,2920,2938,3816,300003,300014,300015,300033,300059,300122,300124,300142,300207,300223,300274,300316,300347,300408,300413,300433,300450,300454,300496,300498,300529,300595,300601,300628,300661,300750,300751,300759,300760,300763,300782,300866,300896,300919,300957,300979,300999,600000,600009,600010,600011,600015,600016,600018,600019,600025,600028,600029,600030,600031,600036,600048,600050,600061,600085,600089,600104,600111,600115,600132,600150,600161,600176,600183,600188,600196,600219,600276,600309,600332,600346,600352,600362,600383,600406,600426,600436,600438,600460,600489,600519,600547,600570,600584,600585,600588,600600,600606,600655,600660,600690,600741,600745,600760,600763,600795,600809,600837,600845,600886,600887,600893,600900,600905,600918,600919,600926,600941,600958,600989,600999,601006,601009,601012,601021,601066,601088,601100,601111,601117,601138,601155,601166,601169,601186,601211,601216,601225,601229,601236,601238,601288,601318,601319,601328,601336,601360,601377,601390,601398,601600,601601,601618,601628,601633,601658,601668,601669,601688,601698,601728,601766,601788,601799,601800,601808,601816,601818,601825,601838,601857,601865,601868,601877,601878,601881,601888,601898,601899,601901,601916,601919,601939,601966,601985,601988,601989,601995,601998,603019,603087,603160,603185,603195,603259,603260,603288,603290,603369,603392,603486,603501,603659,603799,603806,603833,603882,603899,603986,603993,605499,688005,688008,688012,688036,688065,688111,688126,688169,688363,688396,688561,688599,688981
2022-04-12,15.92,20.17,22.24,11.12,7.36,4.84,6.98,4.47,13.61,57.44,12.78,29.07,5.51,78.9,193.0,171.0,10.32,32.46,161.65,8.5,20.36,4.18,25.01,17.6,32.05,30.47,8.42,163.88,15.95,13.79,29.11,17.98,32.45,27.4,24.19,15.65,33.88,18.98,34.79,5.94,51.39,180.1,15.8,8.9,29.88,17.4,42.58,38.58,73.99,12.63,42.4,15.98,32.15,5.82,45.0,138.49,58.15,52.3,249.99,48.35,17.67,38.3,76.35,114.06,72.04,28.88,15.11,23.63,35.08,238.16,4.74,23.52,5.91,5.76,40.32,86.2,55.2,10.01,101.85,201.55,336.2,70.91,90.81,98.69,27.7,2.75,18.8,71.81,32.92,94.35,26.2,139.8,54.58,55.62,23.86,83.88,96.8,52.11,100.9,26.78,30.36,10.73,51.7,100.89,86.71,22.32,48.34,34.64,85.79,79.73,303.2,472.0,488.5,117.08,324.84,186.69,187.7,63.03,499.98,103.84,176.65,72.0,47.42,8.11,52.4,2.21,6.4,5.66,3.79,6.15,7.11,6.17,4.35,6.98,21.1,18.78,45.7,17.15,3.54,7.17,42.92,19.27,16.53,35.89,4.83,114.86,17.32,21.36,16.1,15.97,36.3,48.29,3.84,33.67,87.0,30.2,23.41,11.38,19.24,13.96,29.0,34.12,307.88,39.65,41.14,8.3,1782.0,23.33,40.0,23.41,40.46,21.39,80.68,5.24,10.42,31.18,23.44,18.93,71.31,51.16,140.67,2.58,252.81,10.14,46.88,9.5,37.45,38.58,23.04,5.96,8.15,7.32,15.08,68.95,10.6,15.57,14.72,6.95,11.28,66.86,46.75,23.44,30.95,51.31,10.25,10.28,10.04,28.85,21.73,4.66,8.43,15.79,4.74,17.21,6.74,10.77,11.51,3.08,48.47,4.68,5.17,35.9,9.41,7.6,6.94,4.78,5.66,22.83,3.8,27.16,25.09,5.65,5.93,7.85,14.93,10.82,4.0,5.48,12.97,113.99,9.98,13.16,5.07,3.35,6.55,16.12,5.46,42.48,2.49,34.31,10.55,10.41,171.72,8.78,11.68,7.08,3.33,15.44,6.25,20.38,7.99,3.3,3.88,41.93,5.05,27.99,48.5,65.55,128.18,130.6,106.41,89.61,86.21,320.56,42.15,290.0,100.17,171.05,135.6,83.15,98.6,118.6,73.07,46.6,127.09,5.21,133.45,112.12,58.21,110.69,87.83,99.78,179.3,22.12,528.1,105.8,48.6,53.63,49.9,43.89
2022-04-13,15.8,20.5,22.0,10.74,7.23,4.77,6.79,4.42,13.3,56.57,12.59,29.01,5.37,78.55,192.7,170.34,10.27,31.96,161.73,8.48,19.31,4.14,24.44,17.25,32.03,30.55,8.5,162.32,15.45,13.38,28.9,17.71,32.68,26.78,23.31,15.76,31.6,18.34,34.16,5.87,52.75,174.1,15.15,8.61,29.28,17.64,42.5,38.79,71.05,12.43,41.71,15.68,31.05,5.76,45.55,137.8,58.15,52.5,241.8,49.28,17.41,38.67,75.89,116.5,73.96,28.23,14.71,21.9,34.92,237.0,4.73,21.38,5.72,5.6,40.8,84.28,53.54,9.99,96.03,196.25,302.58,68.12,89.1,96.8,26.86,2.72,18.36,71.5,33.5,92.53,25.94,135.18,53.56,50.67,22.83,81.81,95.5,51.71,97.0,26.94,29.38,10.43,49.12,97.26,83.73,21.1,48.34,34.42,81.48,78.69,288.2,466.0,468.96,113.0,325.89,180.05,179.0,60.3,493.05,97.01,180.87,71.49,46.62,8.1,50.92,2.2,6.24,5.63,3.82,6.09,7.15,6.16,4.35,6.77,20.7,18.16,45.75,17.78,3.53,7.08,41.15,19.46,16.31,35.75,4.74,115.88,17.0,20.75,15.69,15.84,38.0,45.15,3.83,33.64,86.6,29.58,22.25,11.08,20.22,14.41,28.5,33.65,308.5,39.3,39.55,8.38,1769.0,23.06,38.92,23.09,39.65,20.83,81.78,5.21,10.16,30.82,23.87,18.66,67.34,50.47,139.88,2.54,256.4,9.98,46.6,9.54,37.68,37.85,23.09,5.73,8.25,7.32,15.04,70.21,10.39,15.21,14.62,6.93,11.42,66.69,47.81,23.5,31.99,50.49,10.09,9.95,10.0,28.45,21.72,4.64,8.26,15.65,4.74,17.68,6.73,10.83,11.55,3.07,47.82,4.63,5.18,35.81,9.28,7.47,6.76,4.79,5.82,22.76,3.77,26.86,25.15,5.66,5.93,7.61,14.73,10.69,4.02,5.26,12.69,114.1,9.82,13.35,5.0,3.34,6.5,15.81,5.52,42.42,2.44,33.34,10.48,10.21,172.0,9.66,12.53,6.94,3.34,15.33,6.24,19.88,7.86,3.29,3.83,41.87,5.03,27.37,47.56,65.59,130.99,132.5,101.78,87.41,86.16,310.69,41.7,284.49,98.72,169.08,131.56,83.01,95.9,117.22,72.83,46.6,123.3,5.45,132.59,107.51,55.8,107.1,86.04,95.75,177.7,22.3,511.02,102.5,46.8,51.8,48.74,43.51
2022-04-14,16.04,21.0,22.33,10.88,7.55,4.8,6.86,4.45,14.07,58.72,12.72,29.08,5.43,78.73,209.53,180.87,10.49,32.49,160.8,8.5,19.82,4.14,24.69,18.01,32.27,30.6,8.64,171.57,15.5,13.43,29.74,17.69,34.17,27.0,23.0,16.67,31.15,18.53,34.49,5.89,53.2,172.35,15.46,8.71,29.09,17.96,43.15,37.57,72.62,12.64,41.67,15.79,31.52,5.8,46.95,140.61,61.6,51.85,262.03,49.7,17.28,39.58,73.41,117.2,74.3,28.7,14.85,22.7,37.52,241.29,4.72,21.53,5.64,5.68,40.81,84.31,53.25,10.08,99.63,191.84,304.2,67.45,91.56,100.4,27.69,2.72,18.88,72.67,35.07,94.42,26.82,116.0,54.03,49.11,23.09,81.83,88.1,52.26,100.41,27.67,30.16,10.54,49.23,94.94,90.51,21.35,45.01,36.59,80.5,74.99,284.19,459.8,282.4,115.9,329.0,169.0,182.33,59.53,499.21,93.57,189.58,74.45,48.01,8.11,52.0,2.23,6.0,5.64,3.82,6.14,7.36,6.21,4.39,6.87,20.97,18.75,45.76,18.93,3.54,7.14,41.9,19.72,16.5,35.42,4.86,122.5,17.2,21.04,16.17,16.01,39.9,46.4,3.81,33.82,86.6,29.78,22.53,11.13,20.46,14.95,29.02,33.3,313.01,39.34,41.17,8.44,1809.0,22.7,39.32,23.68,40.3,21.02,84.93,5.32,10.14,31.89,24.85,19.0,68.58,51.79,146.79,2.54,272.52,10.08,47.7,9.45,38.7,38.08,23.24,5.66,8.28,7.28,14.82,67.65,10.95,15.3,14.82,6.82,11.3,67.03,49.5,23.98,32.28,51.62,10.28,10.24,10.1,30.01,21.68,4.64,8.28,15.85,4.82,18.35,6.72,10.98,11.89,3.07,48.19,4.62,5.15,35.81,9.31,7.7,6.81,4.77,5.87,22.81,3.81,26.95,25.81,5.56,6.01,7.95,14.93,10.78,4.02,5.29,12.9,118.13,10.13,13.46,4.96,3.34,6.52,15.86,5.6,42.09,2.46,32.6,10.61,10.39,181.58,10.16,12.74,7.01,3.34,15.47,6.26,20.23,7.68,3.28,3.84,42.2,5.1,28.04,47.95,66.28,133.1,133.0,106.33,88.76,90.89,330.0,44.05,257.59,108.59,172.43,129.2,82.9,94.07,124.0,75.15,49.0,130.6,5.5,137.53,103.7,56.71,108.1,89.0,95.33,184.1,22.8,533.0,114.68,48.2,52.68,48.37,43.67
2022-04-15,16.42,21.3,22.69,10.49,7.64,4.76,6.68,4.39,13.76,58.65,12.65,27.76,5.43,78.11,208.5,187.07,10.39,32.38,157.75,8.49,19.72,4.11,24.92,17.88,31.39,28.58,8.58,169.9,15.63,13.24,30.97,17.5,34.32,27.2,23.23,17.01,31.75,18.55,33.9,5.89,53.24,173.9,15.73,8.56,28.56,17.33,40.41,38.31,71.28,11.94,41.58,15.72,31.88,5.76,46.7,138.0,59.5,50.11,261.38,49.01,16.93,39.93,76.4,114.5,72.93,29.22,14.49,22.35,37.48,236.2,4.64,20.83,5.57,5.4,39.86,81.55,52.44,10.0,102.5,190.5,308.99,67.01,92.5,107.28,29.15,2.72,18.86,71.3,34.55,94.2,26.9,115.98,52.6,55.26,22.72,83.17,84.53,51.28,105.35,26.99,29.28,10.71,47.65,99.01,88.7,21.44,43.75,36.6,80.94,73.03,284.0,450.86,288.0,120.16,340.8,176.39,197.19,59.34,494.0,90.01,190.88,70.1,49.05,8.15,52.71,2.24,6.39,5.67,3.83,6.19,7.35,6.22,4.35,6.85,20.88,18.43,46.83,19.32,3.53,7.05,42.19,19.69,16.85,34.72,4.83,124.3,17.49,21.19,16.03,16.3,37.1,47.29,3.77,34.09,84.65,29.65,22.01,10.8,20.25,15.19,28.53,33.43,313.71,39.49,40.6,8.27,1805.99,21.7,38.3,23.75,39.94,20.79,84.07,5.41,10.09,35.08,24.65,20.1,69.7,52.32,149.78,2.61,265.7,10.05,47.29,9.47,38.61,38.0,23.4,5.63,8.29,7.55,15.3,64.69,10.88,16.09,14.81,6.76,11.9,66.4,47.85,24.32,31.03,48.69,10.33,10.12,10.04,30.61,22.26,4.65,8.22,15.83,4.93,17.55,6.75,10.88,11.91,3.07,48.3,4.58,5.15,35.83,9.16,7.62,6.74,4.76,5.72,22.92,3.74,26.93,25.68,5.69,6.04,7.74,14.91,11.07,4.01,5.26,12.79,127.06,9.92,13.82,4.93,3.35,6.55,16.55,5.54,43.29,2.44,33.49,10.61,10.25,182.24,9.94,12.13,6.91,3.35,15.11,6.23,20.22,7.62,3.28,3.89,41.73,5.16,28.86,48.12,66.86,132.6,134.93,109.11,92.44,90.36,324.74,43.86,269.1,106.37,173.9,124.98,81.04,97.93,131.93,73.29,48.39,132.4,5.52,134.45,99.7,60.6,106.65,87.49,93.27,181.36,22.5,516.61,116.0,48.6,51.21,48.2,43.25
2022-04-18,15.9,20.53,23.17,10.44,7.13,4.76,6.56,4.33,13.66,57.57,12.32,27.35,5.42,77.41,206.1,187.2,10.62,32.0,154.66,8.4,19.75,4.12,25.64,17.14,30.5,28.2,8.72,167.18,16.35,13.26,31.87,17.5,34.71,27.39,23.49,16.28,30.9,18.53,34.36,5.75,52.99,181.57,15.9,8.5,28.83,17.15,41.14,38.2,74.29,11.92,40.32,16.35,33.1,5.76,46.09,136.81,59.06,52.25,273.0,48.94,17.36,41.74,83.68,115.28,74.05,30.06,14.32,21.75,37.34,239.1,4.69,20.84,5.4,5.35,39.94,82.45,54.93,9.88,101.17,191.95,310.32,69.32,96.3,114.86,29.51,2.73,18.91,73.58,33.58,92.08,26.23,113.48,52.42,60.08,23.29,85.1,87.84,54.27,103.16,29.04,28.76,10.78,48.22,100.21,92.45,22.67,44.02,36.19,78.1,79.09,294.3,451.0,320.72,123.5,335.84,187.9,210.57,60.07,491.07,91.21,183.91,70.33,48.9,8.03,51.81,2.19,6.73,5.56,3.77,6.22,7.13,6.22,4.29,6.93,20.29,18.01,43.39,18.39,3.51,6.93,41.49,19.77,16.95,34.68,4.96,123.84,17.17,21.32,15.81,16.89,34.4,46.11,3.7,33.96,83.79,29.11,21.32,10.79,19.72,14.44,29.3,32.06,313.35,40.3,44.66,8.31,1790.82,22.03,38.73,24.25,39.61,20.99,84.44,5.14,10.13,35.66,24.18,20.2,71.3,53.62,147.51,2.68,264.21,9.97,47.51,9.84,38.33,38.98,22.95,5.7,8.02,7.26,15.5,65.63,9.79,16.08,14.57,6.82,11.77,69.2,48.9,23.56,29.97,48.62,10.4,9.48,9.98,29.91,21.68,4.59,8.0,15.54,4.86,17.09,6.65,10.38,12.19,3.04,47.0,4.49,5.07,35.07,9.15,7.35,6.58,4.72,5.57,22.32,3.67,26.18,26.35,5.48,5.94,7.57,14.51,10.88,3.97,5.22,12.42,131.32,9.58,13.36,4.89,3.28,6.4,16.21,5.4,44.59,2.4,35.41,10.44,10.17,180.88,9.79,12.02,6.76,3.37,14.89,6.1,19.93,7.64,3.23,3.88,39.99,5.09,28.68,47.98,67.13,139.54,134.75,107.1,93.56,90.49,342.57,44.63,274.97,106.18,182.71,129.6,80.4,104.48,130.0,77.9,48.66,139.8,5.36,136.65,107.09,62.64,110.0,94.66,92.6,185.45,22.78,531.17,119.43,49.7,52.55,53.9,43.69
2022-04-19,15.81,20.66,22.64,10.45,7.24,4.71,6.57,4.34,13.97,57.3,12.42,28.51,5.35,76.01,202.95,186.5,10.64,31.55,152.25,8.42,19.81,4.09,25.91,16.77,30.11,30.78,8.62,165.0,16.79,13.28,31.25,17.61,34.4,26.92,23.2,16.28,31.18,17.92,33.92,5.7,53.12,178.48,15.47,8.36,28.89,17.0,41.61,37.68,74.27,11.98,40.6,16.53,32.05,5.75,45.3,135.45,60.85,51.57,264.68,48.01,16.97,41.52,81.0,114.15,73.5,29.05,14.47,21.84,36.0,244.86,4.67,21.01,5.52,5.4,40.17,83.2,57.45,10.02,95.49,192.7,303.66,68.25,95.17,114.15,28.72,2.8,18.92,70.94,33.07,91.5,25.94,109.27,53.1,58.32,23.34,83.0,90.1,54.7,97.92,27.8,29.05,10.5,48.63,99.4,91.1,22.61,43.05,35.42,76.17,78.0,293.99,440.26,329.4,119.44,328.31,192.82,205.34,58.38,473.03,89.56,169.5,68.96,49.8,8.14,50.15,2.21,6.68,5.61,3.78,6.24,7.24,6.34,4.36,6.9,20.22,17.68,42.1,18.38,3.54,6.93,41.82,20.15,16.73,35.25,4.91,122.51,17.03,21.15,15.53,16.72,37.25,44.86,3.74,33.11,82.54,29.4,21.35,10.85,20.04,14.55,28.8,33.09,306.62,39.95,44.2,8.29,1790.3,21.99,38.15,23.92,38.89,20.42,84.55,5.11,10.05,34.85,23.91,19.51,69.38,54.0,142.6,2.69,261.14,9.85,47.2,9.74,38.15,39.07,23.19,5.72,7.95,7.39,15.39,66.02,9.49,15.68,14.46,6.99,11.77,69.1,49.11,23.45,30.8,46.77,10.12,9.52,9.89,29.01,21.45,4.64,8.11,15.44,4.91,17.46,6.7,10.44,12.0,3.06,46.44,4.47,5.15,34.9,9.12,6.77,6.75,4.73,5.69,21.97,3.68,25.95,25.41,5.6,6.09,7.59,14.44,10.99,3.99,5.24,12.36,123.08,9.78,13.55,4.88,3.29,6.41,16.23,5.6,43.8,2.42,34.74,10.33,10.2,178.63,9.83,12.0,6.74,3.29,15.02,6.12,19.77,7.99,3.26,3.88,39.54,5.11,28.25,46.74,65.8,137.0,132.61,102.77,90.18,88.67,328.6,43.48,261.67,102.22,164.44,127.87,80.71,103.1,125.85,74.31,48.24,135.27,5.38,133.09,105.8,60.13,107.78,88.45,93.56,180.66,22.5,499.31,115.05,48.99,51.65,53.03,43.59
2022-04-20,15.85,19.35,22.44,10.42,6.92,4.68,6.47,4.3,13.34,57.56,12.3,27.51,5.24,75.47,202.91,189.52,11.0,31.73,153.66,8.36,18.83,4.06,25.22,16.49,29.29,30.1,8.5,165.9,16.4,12.88,31.9,17.4,33.75,26.72,22.89,15.34,30.19,17.7,32.96,5.64,53.48,174.05,15.43,8.12,28.0,16.84,40.71,36.98,73.86,11.75,40.56,16.98,31.15,5.66,44.04,137.7,61.73,50.92,262.6,48.8,16.86,41.55,80.13,109.5,71.07,28.7,14.02,21.86,37.86,241.78,4.67,20.24,5.48,5.28,39.37,79.0,57.13,9.93,93.58,188.0,292.5,68.7,95.92,113.44,29.05,2.76,19.08,67.6,33.68,90.74,20.61,107.49,53.15,57.08,22.61,82.65,72.08,52.9,96.89,28.15,29.68,10.64,46.9,100.1,89.17,21.76,43.59,34.95,76.2,77.64,285.01,407.0,321.0,117.77,299.7,183.88,201.9,59.01,480.0,86.22,174.1,69.63,49.67,8.11,51.0,2.14,6.66,5.57,3.74,6.1,6.94,6.2,4.3,7.07,19.91,17.38,41.1,17.43,3.55,6.91,40.53,19.72,16.51,33.9,4.93,125.36,16.77,20.8,15.12,16.72,34.45,43.66,3.6,34.32,80.33,29.12,20.53,10.54,19.29,13.41,28.08,32.34,304.3,39.18,43.38,7.96,1797.0,20.82,37.58,23.73,38.01,20.46,85.78,4.85,9.95,34.79,24.47,19.36,67.8,53.79,142.65,2.67,264.01,9.72,46.8,9.49,38.83,38.44,23.35,5.61,7.9,7.3,15.01,66.03,9.22,14.43,14.23,6.93,11.71,66.8,49.25,23.07,29.56,47.53,10.15,9.12,9.85,26.85,21.26,4.59,7.82,15.3,4.67,16.64,6.66,10.49,11.97,3.06,45.91,4.47,5.1,34.42,8.98,6.69,6.46,4.74,5.43,21.81,3.56,25.6,25.46,5.52,5.86,7.11,14.25,10.88,3.97,5.19,11.85,121.24,9.14,13.06,5.0,3.28,6.34,15.5,5.41,42.73,2.38,33.74,10.18,10.05,182.26,9.25,11.44,6.71,3.3,15.04,6.09,20.58,7.88,3.27,3.86,38.99,5.01,28.08,47.11,66.12,135.43,132.47,100.87,88.88,91.57,329.0,44.18,257.0,101.48,159.7,124.18,78.59,99.55,123.03,73.0,48.96,133.5,5.18,133.64,99.37,59.83,106.2,89.47,92.64,181.8,22.4,512.2,117.43,48.65,51.52,51.39,43.05
2022-04-21,15.81,19.3,21.79,10.02,6.82,4.46,6.29,4.28,12.47,56.03,11.81,25.67,5.11,73.93,199.39,187.71,10.28,31.18,148.39,8.0,18.06,3.95,24.34,16.47,28.35,28.26,8.31,162.58,15.56,12.3,31.59,16.8,33.06,26.38,21.3,15.38,29.36,17.17,29.71,5.37,52.32,168.0,14.8,7.89,26.91,16.6,38.33,36.84,70.81,11.26,39.6,16.62,31.2,5.45,41.9,137.99,60.31,49.1,261.98,47.69,16.14,40.81,75.63,104.04,68.66,29.19,13.86,21.25,36.52,234.04,4.64,19.24,5.22,5.0,36.95,76.66,55.98,10.1,89.66,185.84,286.28,69.15,94.69,113.47,29.43,2.74,18.41,64.51,32.36,90.5,20.69,104.5,51.22,56.25,21.84,81.28,64.48,51.1,94.55,28.1,28.75,11.35,45.34,97.6,88.0,20.7,43.35,33.5,73.88,75.58,288.88,409.11,327.29,118.83,291.66,178.23,196.0,57.97,489.4,83.09,176.22,67.71,47.4,8.07,50.8,2.04,6.5,5.53,3.7,5.98,6.72,6.14,4.24,6.75,19.84,16.72,41.28,17.51,3.48,6.83,39.03,19.05,16.2,32.31,4.77,123.57,16.24,20.04,14.69,16.39,34.57,41.9,3.43,33.17,80.0,28.31,19.97,10.21,18.48,13.41,26.85,30.65,297.04,37.44,43.2,7.63,1779.98,20.02,36.31,23.24,37.4,19.76,83.98,4.7,9.56,34.2,24.04,18.85,66.28,51.79,132.9,2.59,262.0,9.65,45.45,9.4,38.43,37.39,23.54,5.43,7.84,7.2,14.81,64.55,,14.33,14.25,6.92,11.8,62.58,47.44,22.89,29.22,46.25,9.77,8.72,9.78,26.31,21.13,4.57,7.63,15.21,4.5,16.55,6.61,10.89,11.48,3.07,46.22,4.43,5.09,34.45,8.73,6.74,6.36,4.78,5.28,21.96,3.42,25.88,24.23,5.46,5.78,6.8,14.17,10.47,3.92,5.11,11.78,117.98,8.9,12.83,4.89,3.26,6.23,15.66,5.16,38.46,2.34,32.35,10.11,10.02,175.16,9.05,11.01,6.64,3.23,14.64,6.11,19.74,7.39,3.27,3.81,38.6,4.99,27.81,45.09,64.89,121.89,131.15,96.62,84.7,91.01,324.25,43.72,179.45,101.72,155.33,118.2,75.0,90.0,120.0,71.06,47.93,132.72,4.92,129.99,95.87,59.21,104.79,89.36,89.67,176.89,22.1,570.15,122.96,48.46,49.99,48.38,41.89
2022-04-22,16.06,19.81,22.81,9.65,6.89,4.47,6.29,4.31,12.63,56.97,11.76,25.33,5.16,74.49,201.4,187.37,10.33,31.97,147.19,7.95,18.18,3.96,23.7,16.53,28.62,28.63,8.31,165.43,15.2,12.34,31.49,16.89,31.8,26.52,22.57,16.28,29.05,16.94,28.9,5.59,53.9,169.0,14.63,8.08,26.37,16.81,38.77,37.01,70.55,11.3,38.56,16.99,30.63,5.42,43.06,142.08,60.31,48.58,254.5,46.77,15.66,40.8,75.55,101.42,66.5,29.0,13.79,21.14,35.35,235.4,4.38,18.77,5.16,4.85,36.0,73.99,55.0,10.15,89.05,182.7,287.51,67.99,96.99,111.12,28.96,2.9,17.99,62.2,34.45,90.2,20.85,102.22,50.43,51.9,21.89,77.5,65.15,49.43,95.03,27.81,28.33,10.8,44.68,95.3,85.6,20.85,44.19,33.65,68.1,76.0,280.0,415.34,324.11,121.34,302.0,176.11,191.37,57.6,491.8,81.15,185.5,68.98,47.19,8.09,51.25,2.01,6.97,5.6,3.74,6.08,6.82,6.29,4.33,6.81,19.88,16.84,42.5,17.78,3.52,6.83,37.97,18.99,16.21,31.48,4.78,127.28,16.83,20.01,14.87,16.59,34.47,40.71,3.46,33.0,79.81,28.28,20.21,10.36,18.43,13.77,26.78,31.15,296.17,36.83,41.99,7.55,1773.0,20.21,35.48,22.76,38.32,19.5,84.68,4.75,9.7,33.86,24.6,18.99,65.26,50.7,137.13,2.74,261.08,9.66,44.36,9.78,38.35,36.66,23.69,5.56,7.92,7.49,15.27,65.8,,14.24,14.26,7.0,12.2,62.0,47.02,23.32,29.69,45.4,9.78,9.05,9.72,27.15,21.42,4.63,7.77,15.23,4.51,16.57,6.69,10.51,11.61,3.09,46.46,4.51,5.18,35.47,8.52,6.78,6.52,4.84,5.25,22.22,3.46,26.5,24.36,5.6,5.89,7.0,14.25,10.18,3.96,5.17,11.87,116.26,9.2,12.94,4.89,3.3,6.24,16.3,5.28,35.72,2.35,31.69,9.85,10.01,176.98,9.09,11.33,6.69,3.24,14.77,6.24,19.8,7.57,3.3,3.83,38.47,5.09,28.26,44.59,63.39,109.7,131.08,101.6,83.07,89.39,316.1,44.21,166.66,99.71,149.0,115.84,73.49,86.62,121.06,70.18,47.35,130.0,4.95,129.45,93.98,57.64,102.45,88.21,88.85,171.0,21.9,574.48,121.62,47.46,49.03,46.4,41.85
2022-04-25,14.85,18.83,21.79,8.69,6.55,4.15,5.87,4.15,11.65,55.07,10.74,22.8,4.92,71.0,192.7,176.8,9.42,30.71,135.16,7.35,17.34,3.75,21.33,15.65,27.55,26.64,7.76,155.0,14.8,11.79,31.36,15.33,29.92,25.31,21.6,15.66,26.94,15.81,26.79,5.29,52.58,158.56,13.33,7.48,23.73,15.33,35.73,35.05,66.01,10.51,35.12,16.32,27.58,5.05,42.09,133.8,59.59,45.16,229.05,45.56,14.22,39.5,69.5,92.21,59.9,26.83,13.15,19.7,32.32,227.5,4.0,17.08,4.8,4.46,33.64,68.96,52.96,9.92,83.51,171.6,268.0,66.7,93.19,104.66,27.69,2.82,17.03,56.45,33.58,84.96,20.67,93.21,47.5,50.0,19.32,73.0,58.9,44.7,89.2,24.84,28.92,9.58,40.99,89.27,81.16,20.01,42.57,30.28,62.7,76.45,269.0,390.1,313.79,113.8,298.45,169.0,177.47,53.6,465.0,75.55,182.0,67.5,48.7,7.82,48.53,1.84,6.92,5.45,3.64,5.75,6.44,6.05,4.19,6.5,19.23,15.32,38.83,16.99,3.43,6.55,35.3,18.59,15.51,28.51,4.62,123.0,15.44,19.01,14.3,15.6,32.7,40.85,3.16,29.7,75.52,27.03,19.82,9.86,17.0,13.33,26.0,28.85,288.18,35.17,39.03,7.11,1708.0,18.66,33.52,20.87,37.09,17.83,81.4,4.45,9.02,32.35,23.77,17.94,59.82,47.0,128.5,2.65,253.5,9.31,43.55,9.55,37.33,33.97,22.92,5.38,7.7,7.11,14.74,65.82,,12.92,12.94,6.92,11.89,56.61,45.16,23.23,28.7,42.25,9.37,8.47,9.11,25.43,20.28,4.5,7.53,14.71,4.24,15.9,6.43,10.43,11.08,3.06,44.85,4.33,5.05,31.92,8.0,6.51,6.37,4.75,4.73,20.81,3.23,25.3,22.58,5.44,5.67,6.81,13.6,9.32,3.9,4.99,11.5,107.77,9.23,11.97,4.72,3.24,5.99,15.88,5.05,33.21,2.26,29.39,9.44,9.53,173.49,8.46,10.62,6.34,3.22,13.57,6.1,17.96,7.3,3.27,3.67,37.4,4.9,26.7,41.06,58.04,102.01,126.32,97.87,77.05,88.2,294.8,41.34,155.0,100.25,138.21,109.0,69.98,83.4,117.69,66.65,46.3,123.0,4.61,120.6,86.7,54.91,96.16,83.04,83.3,158.02,21.04,561.98,116.3,45.55,45.7,43.79,38.97
2022-04-26,14.73,18.96,22.46,8.01,6.32,4.16,5.72,3.97,10.96,51.79,10.61,22.13,4.74,72.0,200.86,181.0,9.05,30.0,135.88,7.3,16.52,3.67,19.2,14.78,27.97,25.92,7.58,158.5,13.99,11.59,31.11,14.5,30.05,23.07,20.19,15.91,25.85,15.64,26.03,5.11,55.09,163.0,14.65,7.38,22.95,14.87,34.21,35.15,62.1,10.26,33.5,15.52,27.63,5.12,43.46,136.75,61.73,45.42,224.88,41.86,13.77,39.51,69.85,92.24,59.41,26.05,12.94,21.0,29.09,231.81,3.95,16.6,4.68,4.43,32.97,67.0,51.11,9.17,79.44,166.4,267.0,65.5,88.99,102.14,26.45,2.74,16.7,54.03,35.71,72.19,20.75,95.16,48.48,50.59,18.69,70.97,57.6,44.03,90.0,24.2,30.45,9.07,38.88,87.0,78.1,19.81,40.56,29.81,61.17,74.21,260.49,377.0,294.21,119.61,318.0,173.55,166.07,50.8,486.91,74.42,192.25,63.5,49.57,7.87,47.98,1.79,6.76,5.38,3.63,5.74,6.33,6.05,4.15,6.3,18.33,14.61,38.41,17.57,3.43,6.19,34.38,18.04,15.06,27.97,4.49,125.05,14.64,19.09,14.73,15.2,31.03,44.94,3.05,27.74,77.3,27.2,19.72,9.69,16.09,13.71,25.82,27.78,292.42,36.53,37.04,6.86,1732.48,18.13,32.04,19.95,37.66,16.94,82.57,4.4,8.89,32.88,23.71,17.31,60.17,43.52,129.37,2.73,257.51,8.92,40.43,9.38,37.87,32.55,23.19,5.24,7.17,7.09,14.97,64.08,,12.16,12.31,6.82,11.75,57.17,44.51,21.02,28.47,41.76,9.18,8.21,9.19,24.85,20.42,4.47,7.72,14.26,4.02,15.29,6.37,9.39,10.84,3.07,43.59,4.24,5.04,29.21,7.78,6.23,6.65,4.81,4.43,20.31,3.24,24.73,22.31,5.34,5.85,6.93,12.96,8.85,3.86,4.86,10.73,100.64,9.82,11.38,4.65,3.23,5.85,15.66,4.99,34.48,2.27,28.47,8.86,9.15,180.02,8.18,10.24,6.01,3.19,13.56,6.06,17.26,6.93,3.28,3.49,36.33,4.94,24.03,40.01,55.6,107.0,126.75,102.45,74.28,92.17,300.38,42.31,158.0,97.51,134.66,104.9,68.94,81.82,111.06,68.98,47.38,115.96,4.27,117.33,83.55,52.1,93.8,79.45,79.0,158.0,19.9,573.0,125.7,44.73,44.16,44.0,37.78
2022-04-27,15.65,18.23,23.71,8.66,5.9,4.23,5.8,4.03,11.72,53.1,10.87,24.07,4.9,73.1,201.73,192.71,9.16,30.46,147.28,7.35,16.78,3.77,20.39,15.04,28.63,27.93,7.69,161.39,14.72,12.1,31.95,15.59,29.41,23.81,20.58,15.47,26.34,15.91,27.61,5.38,53.75,174.9,15.15,7.68,25.25,14.56,37.5,35.08,67.85,10.89,35.53,16.57,30.39,5.2,45.6,139.53,64.3,46.3,241.59,43.85,14.59,41.5,76.84,101.46,65.35,27.74,12.73,21.81,28.8,235.01,4.04,17.59,4.6,4.45,34.35,72.19,54.52,9.56,72.69,183.04,269.8,69.05,92.79,110.41,28.0,2.78,17.23,60.3,36.43,74.89,21.65,97.46,53.28,49.69,21.03,76.75,61.81,47.3,89.76,25.3,32.22,9.5,41.88,86.77,84.59,20.83,40.75,34.61,63.72,75.24,290.0,407.05,323.0,122.38,319.0,193.5,179.0,53.11,505.3,80.38,196.38,67.32,48.39,7.83,50.41,1.88,7.22,5.38,3.64,5.79,6.43,6.12,4.22,6.34,18.81,15.62,38.04,16.78,3.47,6.28,35.75,19.13,15.14,30.75,4.5,125.96,15.25,19.14,15.39,16.29,31.89,42.37,3.18,28.06,78.78,28.2,20.14,10.09,16.82,13.19,28.4,29.45,301.89,39.82,39.97,7.01,1794.92,18.62,35.0,21.02,39.49,17.73,83.69,4.29,8.95,34.45,23.79,18.06,62.6,46.98,123.33,2.86,268.85,8.91,44.2,9.32,39.0,34.83,22.88,5.4,7.18,7.11,15.03,64.0,,13.38,12.45,6.93,11.48,61.3,44.99,21.12,28.97,44.15,9.29,8.49,9.37,24.34,20.54,4.49,8.01,14.36,4.16,15.88,6.38,9.08,10.95,3.03,43.91,4.27,5.05,29.32,7.93,6.32,6.74,4.71,4.67,20.38,3.36,25.02,22.82,5.32,5.93,7.48,13.08,9.2,3.87,4.94,11.02,110.7,9.99,11.98,4.68,3.22,5.93,15.9,5.08,37.08,2.37,30.0,9.06,9.21,183.99,8.6,10.89,6.06,3.29,13.93,6.0,18.72,7.15,3.23,3.51,36.79,4.93,25.32,41.39,52.21,117.7,133.97,104.05,80.61,90.57,330.42,43.74,159.0,103.24,148.13,115.39,75.83,88.56,110.73,75.88,48.77,125.0,4.52,118.51,89.66,56.8,97.86,82.18,86.78,165.83,20.53,590.0,129.9,47.0,44.57,47.51,38.57
2022-04-28,15.65,18.7,23.71,8.5,5.93,4.08,5.61,3.96,11.72,53.28,10.85,24.63,4.86,73.76,214.0,198.0,9.52,30.31,153.89,7.33,17.03,3.74,20.39,15.05,28.39,28.19,7.67,165.85,14.3,11.86,31.79,15.76,32.35,22.81,19.97,15.8,26.23,15.54,27.2,5.3,51.92,174.93,16.5,7.68,25.3,14.09,38.48,36.3,70.6,10.96,34.89,16.12,33.43,5.08,44.4,144.6,61.62,47.5,237.72,41.79,14.73,40.87,78.88,105.85,69.48,29.39,13.22,21.95,29.37,231.98,4.03,17.64,4.4,4.16,34.36,71.68,53.7,9.46,70.62,189.88,254.0,74.5,92.08,112.37,28.45,2.79,16.06,62.85,35.31,72.6,21.05,93.72,55.92,49.83,20.98,73.18,60.96,48.59,86.35,24.65,31.67,9.19,42.24,84.78,82.8,20.16,39.15,35.4,61.65,74.69,275.06,387.5,325.21,128.09,319.0,189.0,183.3,52.37,501.1,80.8,197.3,68.55,46.42,7.99,48.12,1.82,7.32,5.39,3.64,5.82,6.32,6.2,4.32,6.31,18.77,15.78,39.62,17.8,3.49,6.06,35.49,18.86,15.43,29.79,4.51,126.4,15.26,19.14,15.59,16.25,34.11,42.52,3.14,28.45,79.97,28.67,20.11,9.88,17.03,13.82,29.23,29.47,305.5,39.7,39.59,6.86,1835.0,18.29,34.62,20.85,40.1,17.7,82.9,4.53,8.49,34.19,24.53,18.78,62.7,47.37,117.91,3.0,272.0,8.81,46.04,9.51,38.06,35.33,23.01,5.57,7.03,7.39,15.25,64.77,,13.54,12.21,6.8,11.79,64.58,45.93,20.37,31.21,44.42,9.34,8.88,9.42,25.85,21.05,4.53,8.31,14.15,4.12,17.36,6.41,8.6,11.61,3.06,43.66,4.24,5.08,29.4,7.87,6.21,7.08,4.77,4.65,20.42,3.44,24.5,22.98,5.48,6.18,7.61,12.86,9.27,3.85,4.95,10.75,121.77,10.68,11.98,4.56,3.19,5.88,17.08,5.18,39.6,2.39,31.0,8.76,9.01,181.58,9.46,10.8,5.89,3.25,14.06,6.05,18.06,7.17,3.26,3.51,35.7,5.01,24.52,40.05,51.35,122.01,136.15,103.28,77.7,90.88,338.96,45.52,160.8,103.5,145.32,115.43,78.37,91.98,111.7,83.47,48.0,118.56,4.46,119.94,90.09,57.64,100.01,79.51,86.33,158.99,20.08,558.58,130.0,46.32,42.93,48.6,37.91
2022-04-29,15.32,19.38,24.13,9.02,6.05,4.18,5.8,4.09,12.25,57.09,11.19,25.86,4.96,76.28,210.73,195.51,10.47,31.21,157.02,7.62,18.04,3.8,21.77,16.07,29.03,28.93,8.11,162.13,14.03,12.18,29.75,17.0,34.1,24.66,20.74,15.67,26.77,16.69,27.8,5.83,55.08,183.0,16.76,7.8,26.8,15.44,39.02,36.31,75.7,11.29,37.0,16.72,35.05,5.4,45.35,159.06,61.68,51.3,239.0,45.97,15.43,42.49,81.43,110.67,76.43,30.88,13.72,24.15,31.26,243.0,4.28,18.3,4.76,4.58,36.04,74.92,52.23,9.7,77.68,202.95,267.05,76.72,95.41,119.53,29.47,2.83,17.06,65.87,35.92,82.13,22.78,94.5,57.7,53.45,22.25,74.64,63.2,50.55,89.55,28.65,35.8,10.16,44.27,89.15,94.06,18.66,41.3,36.94,64.73,77.58,280.0,409.35,336.05,125.2,312.5,193.0,185.52,56.74,517.5,83.82,196.9,68.72,48.0,8.03,49.4,1.88,7.3,5.45,3.7,5.93,6.46,6.14,4.34,6.5,19.69,16.5,39.93,18.12,3.52,6.42,36.63,19.38,15.95,31.68,4.72,125.45,15.66,19.73,15.73,16.68,34.73,42.98,3.26,29.48,77.85,29.03,20.95,10.07,17.62,14.28,32.0,30.2,306.15,41.1,42.0,7.22,1828.38,19.16,38.08,21.62,39.96,19.14,86.3,4.79,8.99,35.55,25.91,19.6,65.78,49.9,128.35,3.02,272.0,9.05,47.59,9.68,38.47,37.78,22.72,5.82,7.24,7.33,15.28,64.96,9.16,14.1,12.77,6.66,11.6,67.96,45.98,21.58,30.78,45.93,9.47,9.13,9.52,27.72,20.48,4.57,8.42,14.6,4.37,17.21,6.49,9.04,12.24,3.06,44.56,4.38,5.08,29.83,8.19,6.51,7.08,4.78,4.76,20.8,3.49,25.45,24.82,5.41,6.28,7.76,13.35,9.97,3.89,5.05,11.38,127.88,10.86,12.49,4.59,3.19,5.99,16.79,5.38,40.6,2.42,32.69,9.21,9.28,181.99,9.4,11.07,6.12,3.31,14.43,6.07,17.77,7.13,3.23,3.57,37.48,5.03,25.8,42.47,56.49,122.59,143.38,103.23,79.44,81.52,344.72,44.88,161.4,108.1,150.5,118.74,82.31,92.74,116.48,81.33,47.8,124.81,4.68,123.6,93.32,58.05,105.0,84.6,91.69,188.7,20.9,572.0,135.5,48.68,49.36,50.8,39.72
2022-05-05,15.32,19.43,23.75,8.97,6.01,4.19,5.92,4.03,12.16,58.7,11.08,26.08,5.02,54.8,209.99,204.93,11.52,34.22,157.81,7.97,18.56,3.78,22.85,15.6,30.66,29.08,8.1,161.54,14.1,12.59,29.76,17.77,33.85,25.05,21.12,14.7,26.98,17.04,28.08,5.89,53.5,190.06,16.69,7.81,27.58,15.58,39.02,36.33,78.91,11.33,37.06,15.47,35.08,5.58,46.73,161.3,63.23,50.55,235.01,48.06,16.08,38.24,83.91,108.48,78.23,29.85,14.12,23.77,30.75,248.8,4.35,18.56,4.62,4.74,36.37,75.03,52.24,9.25,82.55,200.25,259.5,76.07,95.8,125.39,29.24,2.85,17.39,65.88,35.89,81.11,22.4,98.0,58.33,51.58,22.61,73.2,63.62,51.35,87.93,28.61,35.1,10.07,44.68,92.2,96.38,18.63,42.54,37.13,65.28,75.72,289.5,376.0,337.97,116.8,316.97,194.31,182.82,56.97,499.99,82.2,190.49,70.0,44.17,7.99,51.3,1.86,7.12,5.38,3.68,6.4,6.33,6.19,4.35,6.38,19.38,16.6,39.26,17.54,3.53,6.2,40.29,19.27,16.59,31.66,4.69,123.66,16.07,21.28,16.07,16.6,34.8,43.54,3.24,29.68,81.69,29.94,22.23,10.37,17.61,13.69,31.35,31.5,308.85,40.72,42.07,7.22,1837.0,19.02,36.58,23.62,40.38,18.48,86.24,4.67,8.95,35.95,26.49,20.23,64.41,52.6,127.54,3.09,267.06,8.97,48.83,9.85,38.72,38.89,23.08,5.81,7.17,7.29,15.49,64.56,8.74,14.38,12.84,6.59,11.61,69.08,44.94,21.66,30.63,47.26,9.45,9.09,9.6,26.68,20.4,4.52,8.46,14.33,4.32,16.8,6.48,8.14,12.17,3.08,45.02,4.59,4.99,28.87,8.19,6.29,7.12,4.75,4.71,20.8,3.53,25.55,24.76,5.6,6.19,7.61,13.19,10.12,3.87,5.03,11.26,130.0,10.72,12.81,4.54,3.17,6.25,17.36,5.45,41.8,2.4,33.21,9.16,9.05,179.74,9.49,10.84,6.11,3.35,15.01,6.06,18.54,7.2,3.23,3.57,36.79,4.71,26.17,43.88,57.0,118.7,142.36,98.05,79.62,78.58,335.0,45.43,165.6,102.5,147.11,118.99,81.82,95.75,120.0,86.94,47.82,124.97,4.74,123.9,90.2,61.0,104.25,84.5,89.3,192.71,21.15,572.0,133.0,48.47,49.35,52.08,40.36
2022-05-06,14.96,18.49,23.23,9.87,5.66,4.11,5.79,3.93,12.25,58.2,10.72,25.63,4.89,54.77,199.93,199.69,11.78,33.96,153.0,7.89,18.12,3.67,22.88,15.05,29.96,28.15,7.87,157.06,13.77,12.18,30.63,17.5,33.85,25.42,20.47,13.78,26.54,16.74,27.23,5.71,50.89,186.05,16.7,7.55,27.02,15.21,38.17,35.8,78.26,11.06,36.54,15.04,34.12,5.75,44.81,154.15,63.65,49.17,222.0,48.46,15.94,34.8,82.99,104.09,78.46,29.18,14.3,22.76,30.0,242.08,4.21,18.07,4.52,4.65,35.4,73.35,51.4,9.18,85.78,197.15,251.4,75.03,93.53,121.0,27.91,2.77,17.75,64.21,36.18,78.5,21.53,95.68,55.81,49.17,22.62,70.98,62.36,50.92,81.76,27.72,33.58,9.61,43.4,88.52,95.91,18.6,41.59,36.38,63.94,74.18,278.37,375.99,321.8,114.95,306.0,184.4,173.5,55.58,472.3,80.6,189.0,74.0,43.45,7.85,48.21,1.8,6.8,5.26,3.62,6.14,6.09,5.98,4.28,6.0,18.8,16.21,37.91,16.39,3.46,6.09,40.54,18.75,16.34,30.1,4.54,112.0,15.78,20.76,15.81,16.44,33.55,42.82,3.09,29.34,79.5,29.25,23.72,10.33,16.88,13.0,31.49,30.8,298.18,39.58,40.81,7.04,1793.0,18.43,36.28,22.87,38.93,18.32,81.0,4.32,8.8,36.01,25.55,19.8,61.09,52.8,126.35,3.03,253.66,8.75,48.47,9.75,37.77,39.09,22.72,5.69,7.02,6.89,14.82,63.99,8.56,13.9,12.67,6.5,11.31,67.03,42.7,21.34,30.24,46.85,8.7,8.67,9.19,24.82,19.96,4.46,8.23,14.08,4.15,16.8,6.37,7.85,12.29,3.05,44.06,4.59,4.88,27.78,8.17,6.12,6.83,4.74,4.46,20.06,3.47,25.1,23.81,5.47,5.97,7.35,12.82,9.99,3.84,4.91,11.02,131.75,10.29,12.66,4.43,3.11,6.2,17.2,5.29,41.9,2.33,32.17,8.87,8.82,163.69,9.42,10.07,6.0,3.31,14.54,6.01,18.0,7.02,3.19,3.49,35.92,4.64,25.94,43.38,56.8,114.99,142.24,94.4,76.7,76.1,315.28,43.6,163.0,97.5,140.16,121.5,77.41,94.3,115.5,89.21,47.0,119.3,4.55,116.21,85.65,59.4,103.92,81.03,87.49,198.0,21.14,567.02,128.55,47.07,49.71,50.68,39.6
2022-05-09,14.55,18.48,23.16,9.79,5.74,4.07,5.75,3.96,12.58,56.36,10.63,25.69,4.89,54.49,194.08,193.81,11.38,33.37,152.16,7.96,17.94,3.68,23.99,15.16,29.84,28.08,7.77,154.78,14.1,12.27,32.04,17.82,32.86,25.12,20.29,13.85,26.24,16.9,27.1,5.72,52.84,189.96,16.6,7.5,27.43,15.21,37.96,35.1,81.01,11.12,35.86,15.06,34.06,5.75,43.39,150.81,60.96,49.86,210.3,46.47,15.93,34.88,86.13,103.03,78.34,28.29,14.22,22.4,28.98,232.73,4.26,18.14,4.56,4.59,34.14,73.63,51.5,9.18,84.36,192.03,258.0,72.72,91.5,112.5,27.54,2.77,18.52,64.34,32.31,78.5,21.5,97.83,55.16,50.77,22.93,72.15,63.81,49.58,79.55,27.28,34.18,9.54,42.89,86.0,91.13,18.86,41.54,36.4,65.03,73.96,265.73,368.5,323.6,108.96,306.01,188.46,168.78,56.51,448.15,80.0,185.15,74.27,43.85,7.82,47.25,1.84,6.99,5.27,3.64,6.17,6.06,6.08,4.3,5.78,18.73,15.94,36.47,16.27,3.48,6.1,40.07,18.82,15.96,32.01,4.52,111.2,15.89,20.7,15.98,16.45,32.5,43.2,3.12,29.3,78.8,29.5,23.96,10.4,16.69,13.07,31.91,30.4,297.99,39.52,40.83,7.09,1752.0,18.33,36.37,22.96,38.73,18.02,79.7,4.36,8.8,35.02,25.24,19.15,60.29,55.1,124.71,2.96,245.37,8.8,48.88,10.04,37.84,39.85,22.34,5.7,7.05,6.71,14.24,64.64,8.57,14.2,12.83,6.58,10.83,69.33,41.41,21.66,29.61,46.32,8.46,8.74,9.21,24.26,19.62,4.46,8.38,14.04,4.16,16.56,6.38,7.85,12.14,3.07,44.35,4.59,4.87,28.19,8.19,6.13,6.9,4.76,4.51,20.59,3.48,25.59,23.33,5.34,5.91,7.33,12.87,10.28,3.85,4.93,11.06,129.8,10.38,12.63,4.42,3.11,6.29,16.42,5.34,43.02,2.33,32.75,8.91,8.84,160.0,9.21,9.8,6.06,3.3,14.46,5.98,17.35,6.97,3.19,3.52,36.03,4.67,25.5,43.44,56.68,117.68,139.0,93.63,77.5,76.65,311.5,42.48,159.52,91.7,137.16,119.25,77.17,97.26,114.1,84.49,45.5,117.13,4.5,115.5,84.9,59.46,101.36,79.34,91.47,189.01,21.48,542.14,122.99,46.55,47.19,52.99,39.93
2022-05-10,14.59,18.56,23.4,9.71,5.68,4.05,5.78,3.99,12.96,56.6,10.68,26.05,4.94,54.7,197.66,192.43,11.28,33.55,152.94,7.86,17.56,3.7,23.95,15.49,30.6,28.4,7.69,155.33,14.12,12.33,31.5,18.09,33.2,25.12,20.68,13.74,25.9,16.83,27.93,5.75,54.35,185.22,16.8,7.52,29.0,15.55,40.08,34.3,80.2,11.55,36.2,15.1,34.74,5.72,44.5,157.16,62.8,49.66,228.8,47.91,16.19,34.45,84.5,106.85,80.42,29.0,14.23,22.18,30.32,233.33,4.32,18.36,4.59,4.69,33.25,74.49,51.64,9.21,85.19,200.54,262.0,73.62,95.5,118.67,28.37,2.84,18.62,70.63,33.82,80.38,21.94,97.46,55.75,50.35,23.68,74.84,67.36,50.39,80.3,27.85,33.9,9.7,43.6,86.0,95.73,18.84,42.0,37.28,65.52,73.51,282.0,379.17,338.98,109.49,303.1,201.48,183.24,60.4,463.63,82.72,186.87,76.38,43.92,7.85,47.12,1.85,7.3,5.27,3.66,6.21,5.98,6.51,4.3,5.84,19.01,16.2,36.98,16.45,3.5,6.15,40.25,18.96,15.88,32.04,4.6,115.6,16.03,20.85,15.87,16.8,31.98,41.89,3.15,29.39,77.96,29.85,22.52,10.46,16.79,12.96,32.02,29.73,297.42,40.02,42.75,7.12,1766.19,18.26,36.95,23.5,38.76,18.36,82.43,4.33,8.86,35.37,25.62,19.48,62.46,55.58,125.4,3.12,251.07,8.9,50.26,10.3,39.05,39.84,22.84,5.88,7.13,6.98,14.79,63.65,8.65,14.52,12.91,6.52,10.99,68.42,44.2,22.04,28.68,46.62,8.55,8.95,9.34,24.39,20.0,4.46,8.56,14.13,4.2,15.82,6.42,7.93,12.03,3.09,44.47,4.56,4.91,28.16,8.22,6.17,7.14,4.73,4.53,20.5,3.55,25.55,23.05,5.42,6.04,7.48,13.0,10.42,3.86,4.95,11.26,127.8,10.92,12.42,4.42,3.12,6.29,16.74,5.18,42.82,2.38,33.59,9.01,8.92,165.95,8.88,9.63,6.11,3.31,14.25,6.0,18.44,7.03,3.2,3.53,36.58,4.71,25.93,43.65,57.2,122.3,142.7,97.48,79.65,76.11,342.65,43.92,163.0,92.0,143.06,127.63,80.39,98.14,112.0,83.75,45.15,122.4,4.44,116.44,87.65,61.47,106.5,83.0,99.41,195.4,22.18,550.0,126.0,49.28,47.7,54.3,40.88
2022-05-11,14.63,18.46,23.35,9.71,5.65,4.31,5.81,3.98,13.19,56.68,10.8,26.22,4.93,55.55,201.5,202.0,12.23,33.3,158.55,8.04,17.2,3.83,23.91,15.67,30.17,28.7,7.82,157.51,14.09,12.23,30.68,18.19,33.37,25.27,21.93,13.26,26.48,16.99,28.57,5.9,53.02,185.15,16.79,7.73,30.3,16.29,40.85,34.36,81.55,11.61,36.43,15.56,36.06,5.66,43.9,157.53,62.8,50.36,236.7,47.46,16.06,35.43,85.9,110.79,82.0,30.61,14.21,22.62,30.94,252.7,4.47,18.98,4.59,4.63,34.93,79.25,51.51,9.2,85.25,216.06,277.43,74.34,95.3,126.22,28.78,2.79,18.45,72.72,33.47,81.58,22.31,101.98,55.98,50.55,25.81,77.41,71.9,52.4,86.5,28.29,34.1,10.0,46.96,88.57,100.3,18.28,42.55,37.6,66.88,73.39,293.2,409.75,338.65,115.5,306.5,208.5,194.18,61.49,469.07,90.5,195.35,75.9,44.37,7.86,47.67,1.89,7.32,5.27,3.66,6.01,6.04,6.56,4.29,6.09,19.13,16.2,37.21,15.83,3.49,6.15,40.32,19.23,15.99,33.64,4.66,120.39,15.88,21.12,15.93,16.8,33.18,45.8,3.22,29.95,82.11,29.99,22.35,10.39,17.06,12.45,32.6,29.93,301.85,40.68,43.77,7.1,1768.0,18.21,37.92,23.72,38.33,18.52,84.9,4.24,9.22,36.77,25.16,20.3,68.71,54.62,133.89,3.1,256.79,8.92,50.0,10.1,38.7,38.97,22.55,5.95,7.14,6.9,14.49,62.49,9.0,14.2,12.82,6.53,11.0,71.4,45.55,21.89,29.24,47.55,8.9,9.06,9.39,23.79,19.78,4.45,8.4,14.19,4.19,16.38,6.42,7.88,12.4,3.05,44.73,4.59,4.91,28.23,8.21,6.22,6.89,4.66,4.6,20.63,3.51,25.4,25.36,5.35,5.85,7.31,13.07,10.38,3.84,4.97,11.28,130.0,10.58,12.45,4.48,3.12,6.28,16.15,5.19,45.2,2.35,35.24,9.08,8.91,176.65,9.03,9.8,6.08,3.3,14.15,5.96,18.95,7.02,3.2,3.53,36.75,4.7,26.29,43.55,57.86,126.8,145.3,100.65,83.86,76.47,354.41,44.89,167.94,99.8,152.57,131.73,87.01,106.43,111.73,85.45,47.52,129.35,4.53,128.08,93.0,62.76,108.91,85.26,99.3,201.5,22.26,585.0,126.7,50.25,48.68,55.89,42.15
2022-05-12,14.38,17.98,23.36,9.88,5.56,4.25,5.8,3.98,13.17,55.74,10.7,25.81,4.96,55.68,205.42,205.87,11.96,33.25,159.72,8.61,17.36,3.82,24.27,15.66,29.84,28.06,7.81,158.08,14.06,12.24,30.2,18.13,33.17,25.18,21.5,13.01,26.66,17.05,28.5,5.78,53.5,190.0,16.72,7.72,30.17,15.88,40.14,33.98,79.24,11.67,36.09,15.27,35.72,5.68,43.17,160.2,63.2,49.5,245.55,46.89,16.16,34.16,83.79,109.42,80.03,30.34,14.35,22.27,31.09,254.09,4.48,19.14,4.57,4.68,34.99,77.89,50.31,9.16,86.32,211.73,282.21,74.87,95.37,127.7,28.48,2.8,18.5,73.73,35.22,81.85,22.48,101.56,56.04,52.09,25.43,78.38,71.84,52.0,86.66,28.61,34.96,9.91,46.0,89.4,102.2,18.13,43.0,38.55,68.98,72.34,292.27,403.51,345.0,115.24,305.71,208.99,195.5,61.4,473.1,88.15,186.63,77.43,44.37,7.87,46.4,1.86,7.15,5.26,3.67,6.05,5.99,6.62,4.27,5.92,19.09,15.91,36.61,15.6,3.49,6.13,40.88,19.13,15.8,33.34,4.57,121.0,16.03,21.23,15.91,16.81,32.86,45.04,3.18,30.03,82.35,30.32,22.48,10.4,16.96,12.2,33.4,29.38,300.63,40.26,44.13,7.05,1762.67,17.94,37.66,23.96,37.91,18.72,85.6,4.2,9.37,36.92,25.56,20.04,68.59,55.71,137.0,3.13,258.81,8.92,50.67,10.08,38.77,39.38,22.31,5.9,7.14,6.96,14.31,63.16,8.92,13.89,12.86,6.51,11.2,69.78,45.9,21.98,28.64,47.01,8.71,8.87,9.38,23.1,19.63,4.44,8.35,14.14,4.19,16.18,6.41,7.84,12.43,3.03,44.0,4.58,4.87,28.07,8.24,6.16,6.93,4.65,4.52,20.84,3.49,25.25,26.88,5.25,5.77,7.12,13.11,10.48,3.84,4.97,11.26,130.43,10.65,12.41,4.49,3.11,6.34,15.89,5.13,44.58,2.35,35.21,9.25,8.88,171.95,8.94,9.53,6.1,3.26,14.13,5.96,19.01,7.05,3.2,3.52,36.94,4.67,26.12,44.33,57.9,124.72,145.03,101.28,83.13,76.08,350.2,45.6,175.18,98.6,150.15,130.01,86.15,102.2,114.09,85.41,49.05,128.6,4.45,131.7,91.08,65.2,109.39,83.37,97.6,204.35,22.55,590.78,129.27,50.38,48.8,55.62,43.32
2022-05-13,14.61,18.67,23.26,9.82,5.89,4.25,5.86,4.0,13.18,57.01,10.91,25.67,5.05,60.5,204.55,204.1,13.16,33.53,156.3,8.43,17.33,3.82,24.35,15.88,30.15,27.89,8.12,156.94,13.91,12.28,30.17,17.93,33.48,25.02,20.97,13.52,26.89,16.94,28.5,5.65,53.75,188.86,17.05,7.76,30.4,16.16,40.04,34.15,78.6,11.66,35.79,15.11,35.2,5.71,44.1,158.7,63.93,49.8,248.8,46.88,16.1,32.08,84.18,108.86,80.14,30.23,14.17,22.39,31.18,270.08,4.44,19.69,4.6,4.61,35.81,77.05,49.28,9.16,86.0,216.0,279.14,73.77,96.55,128.98,28.41,2.81,18.54,73.7,35.45,81.94,22.53,98.75,56.5,51.44,25.56,79.5,71.5,52.3,88.4,28.42,34.69,9.8,47.23,87.73,102.03,17.74,42.5,38.08,67.49,73.81,288.11,414.8,345.1,114.62,305.5,206.3,192.6,60.8,469.0,88.2,186.0,76.14,43.96,8.05,46.85,1.85,7.12,5.31,3.71,6.36,6.07,6.8,4.31,5.94,19.29,16.0,37.15,16.59,3.51,6.18,41.92,20.09,16.6,33.31,4.59,121.6,16.05,21.25,16.23,16.8,34.55,45.26,3.25,29.98,81.99,30.58,21.85,10.45,17.02,12.67,32.94,29.75,305.15,40.35,44.4,7.08,1778.24,18.05,37.55,23.86,38.22,18.61,85.11,4.39,9.84,37.65,25.72,20.83,69.26,55.1,136.34,3.19,258.41,8.99,50.46,10.35,38.45,39.12,23.23,5.9,7.15,7.18,14.44,64.38,8.99,14.17,12.95,6.58,11.56,69.76,45.4,22.36,30.8,48.1,8.59,9.01,9.38,24.72,19.75,4.47,8.37,14.24,4.22,16.87,6.46,7.8,13.57,3.05,43.96,4.62,4.94,28.27,8.23,6.21,7.01,4.7,4.56,21.19,3.5,25.28,29.57,5.28,5.87,7.07,13.23,10.46,3.85,5.02,11.3,132.81,10.45,12.6,4.5,3.14,6.38,16.2,5.16,43.35,2.35,34.81,9.25,8.86,173.0,9.36,9.53,6.14,3.31,14.42,6.0,20.11,7.17,3.21,3.53,36.98,4.69,26.03,43.91,57.46,126.29,145.3,100.89,82.52,76.0,357.0,44.9,172.8,97.8,150.15,134.75,85.77,103.05,117.78,85.62,49.28,126.41,4.44,130.08,92.38,65.35,109.36,82.33,97.37,201.0,22.37,594.02,126.88,50.28,47.93,55.86,42.4
2022-05-16,14.41,18.88,23.12,9.71,5.92,4.21,5.86,3.99,13.45,56.2,10.81,25.95,5.08,62.22,201.95,207.11,12.89,33.32,152.76,8.47,17.3,3.84,24.5,15.75,30.07,28.1,7.97,155.18,14.5,12.26,29.8,17.69,33.6,24.79,20.74,13.74,25.76,16.67,28.31,5.65,55.05,187.35,16.77,7.78,30.49,15.98,39.55,33.55,78.82,11.52,35.31,15.15,35.0,5.65,44.64,157.5,62.75,48.68,242.21,47.01,16.06,32.66,84.05,107.55,81.1,29.75,14.25,23.03,30.45,267.12,4.4,18.23,4.56,4.54,36.0,37.48,51.29,9.11,84.97,209.3,272.34,73.45,94.65,128.05,28.0,2.79,18.18,74.24,34.55,80.97,22.26,96.68,56.64,49.98,26.44,78.66,73.0,51.51,85.82,27.86,35.19,9.67,46.54,86.07,99.91,17.97,41.89,37.7,66.0,72.24,283.2,407.01,331.19,111.67,298.11,201.72,188.4,60.68,481.2,100.34,184.37,75.8,44.02,7.97,47.84,1.86,6.96,5.3,3.73,6.24,6.21,6.84,4.33,6.0,19.07,16.24,36.89,16.94,3.49,6.13,42.54,20.04,16.18,32.93,4.69,119.5,16.28,21.21,16.09,16.64,35.5,44.27,3.31,29.43,81.8,30.29,21.96,10.46,17.25,13.13,33.28,31.0,299.35,39.72,43.81,7.05,1758.0,17.91,37.39,23.58,38.12,18.68,85.76,4.39,9.9,37.6,25.66,20.31,67.54,54.46,125.88,3.24,254.95,8.89,49.8,10.15,37.32,38.76,22.99,5.96,7.13,7.09,14.1,65.07,8.84,14.46,12.87,6.55,11.08,68.0,46.23,22.5,31.0,48.18,8.64,9.47,9.3,25.01,19.34,4.45,8.29,14.16,4.22,17.26,6.42,7.98,13.13,3.04,43.36,4.65,4.97,27.98,8.11,6.13,6.91,4.68,4.58,20.71,3.48,25.06,29.0,5.25,5.98,7.17,13.05,10.35,3.85,4.99,11.28,129.18,10.38,12.75,4.53,3.12,6.34,16.08,5.17,42.61,2.34,33.98,9.14,8.76,174.32,9.51,9.7,6.07,3.31,14.2,6.0,19.91,7.0,3.19,3.51,37.03,4.68,25.04,42.96,56.72,124.12,144.2,98.81,82.08,73.38,345.45,44.01,169.3,100.65,147.99,133.68,85.9,99.9,120.52,83.53,48.45,124.8,4.46,129.02,92.6,64.08,107.1,82.08,96.98,198.26,21.81,585.22,125.05,49.9,47.22,53.15,42.4
2022-05-17,14.71,19.07,23.76,9.74,5.78,4.24,5.83,3.99,13.91,57.39,11.3,28.55,5.09,58.3,202.88,208.07,13.51,33.36,151.35,8.46,17.16,3.84,25.12,15.9,30.2,29.4,8.14,156.15,14.29,12.18,29.59,17.85,34.35,24.74,21.24,13.6,24.37,16.39,28.95,5.76,55.16,189.87,17.4,7.83,31.88,16.0,40.54,34.03,80.07,11.77,35.78,15.18,36.15,5.54,45.53,158.81,62.62,49.3,259.0,47.4,16.23,32.19,89.84,117.21,85.16,30.48,14.26,22.6,30.72,282.5,4.44,18.33,4.51,4.45,36.66,38.86,50.66,9.1,86.59,220.11,272.35,72.38,96.5,130.0,28.43,2.78,17.78,78.0,35.0,81.31,22.49,93.3,58.59,48.12,27.45,80.99,74.74,53.2,87.2,30.18,36.3,9.77,48.06,86.35,105.69,17.8,41.81,38.04,57.21,71.85,301.62,422.56,339.81,111.85,302.8,207.34,195.02,60.8,486.99,104.32,184.2,76.52,43.88,8.02,48.05,1.88,6.75,5.31,3.73,6.13,6.22,6.74,4.35,6.02,19.32,16.33,38.6,16.95,3.51,6.1,42.59,20.69,16.5,34.08,4.66,118.8,16.23,20.92,16.22,16.65,36.08,43.47,3.33,29.46,82.43,30.13,22.5,10.4,17.41,13.16,34.2,31.07,300.58,42.1,46.08,7.08,1768.0,18.03,37.34,24.06,37.98,18.65,85.99,4.25,9.9,38.25,25.88,20.62,72.19,54.98,127.37,3.16,258.0,8.91,49.53,10.09,37.62,39.45,23.0,5.91,7.11,7.15,14.1,65.08,8.93,14.6,12.9,6.53,11.68,70.31,46.55,22.35,31.43,48.35,8.74,9.38,9.39,24.85,19.59,4.44,8.24,14.2,4.22,17.3,6.42,7.89,13.55,3.02,43.82,4.64,4.94,28.05,8.14,6.16,6.81,4.66,4.62,21.12,3.44,25.15,31.9,5.26,5.88,7.08,13.08,10.39,3.85,4.97,11.3,135.0,10.13,13.13,4.53,3.13,6.34,16.05,5.23,44.2,2.32,34.99,9.14,8.72,174.92,9.65,9.97,6.09,3.29,14.26,5.96,20.1,6.99,3.2,3.5,37.16,4.68,25.2,42.49,56.99,128.26,143.4,99.37,84.48,74.4,367.04,44.69,168.99,102.5,162.79,139.2,90.02,105.35,121.47,82.5,49.06,129.72,4.57,129.55,96.6,63.14,109.51,82.32,97.89,204.12,22.71,585.81,127.88,51.21,47.69,56.65,42.59
2022-05-18,14.75,18.82,23.81,9.75,5.71,4.21,5.78,4.01,14.0,56.63,11.44,29.44,5.1,57.5,198.78,206.3,13.37,33.0,150.11,8.37,17.67,3.84,25.36,16.29,28.81,28.9,8.28,154.58,14.34,12.21,29.2,17.76,34.03,24.94,21.5,13.57,25.81,16.66,29.07,5.81,55.12,188.7,17.45,7.79,32.02,15.55,40.97,33.23,80.05,11.76,35.99,15.49,36.3,5.58,44.5,157.38,62.73,48.6,263.19,46.82,16.32,33.3,91.32,117.51,86.91,30.33,14.13,21.37,30.45,281.42,4.88,18.18,4.59,4.9,37.4,40.76,49.94,9.08,85.9,217.66,264.11,71.84,95.82,124.46,28.31,2.78,17.47,78.59,34.34,82.2,22.27,93.41,58.5,48.05,27.07,79.91,77.01,54.97,85.31,30.12,35.53,9.9,48.0,89.7,105.29,18.08,41.86,37.05,57.93,72.55,306.25,419.0,345.8,112.06,301.16,215.03,193.15,61.11,474.66,107.83,175.79,76.4,43.62,7.95,47.1,1.86,7.05,5.3,3.75,6.08,6.38,6.81,4.31,5.88,19.52,16.1,38.5,16.77,3.49,6.12,41.19,20.5,16.48,33.69,4.56,118.33,16.43,20.94,15.96,16.84,35.43,44.37,3.31,29.38,83.38,29.85,22.24,10.38,17.25,12.87,33.65,30.57,296.8,41.92,46.14,7.03,1761.0,17.8,37.26,23.96,37.29,18.84,84.85,4.22,9.82,38.0,25.92,20.47,73.33,54.7,125.89,3.34,258.19,8.93,48.97,10.16,37.71,39.5,22.78,5.98,7.14,7.02,13.79,66.39,9.2,14.53,12.88,6.5,11.32,70.77,45.28,22.36,31.16,48.05,8.52,9.5,9.42,24.27,19.42,4.43,8.08,14.2,4.22,17.06,6.39,7.87,13.3,3.02,43.63,4.59,4.89,27.95,8.33,6.17,6.67,4.62,4.58,20.79,3.41,24.81,33.67,5.24,5.8,7.08,13.14,10.46,3.86,4.96,11.34,135.25,9.93,12.91,4.51,3.12,6.33,15.61,5.18,45.0,2.31,35.45,9.16,8.69,170.35,9.39,9.79,6.09,3.28,14.18,5.98,19.92,7.02,3.19,3.51,37.29,4.62,25.17,42.32,57.73,128.7,143.62,96.32,85.53,74.14,376.0,43.49,168.03,100.94,163.0,137.81,90.85,108.0,120.78,82.88,48.57,134.84,4.52,132.42,95.52,63.61,110.52,84.14,95.52,208.0,22.67,572.0,125.6,50.85,47.96,60.65,42.26
2022-05-19,14.62,19.25,23.69,9.69,5.79,4.29,5.74,4.0,14.97,55.82,11.46,29.67,5.08,56.96,196.17,202.61,13.81,32.72,148.82,8.37,17.53,3.85,25.41,16.16,29.68,29.38,8.31,153.52,14.06,12.01,29.31,17.66,34.72,24.83,22.18,13.64,25.5,16.54,29.58,5.69,55.31,188.7,17.27,7.77,32.48,15.52,44.03,32.55,81.6,12.26,35.52,15.39,36.98,5.57,45.7,157.31,62.75,47.2,265.93,46.1,16.62,33.08,94.35,120.53,91.5,30.38,14.14,21.55,30.15,284.51,5.03,18.39,4.57,5.39,37.14,41.35,48.58,9.0,86.0,219.1,261.96,71.47,96.68,129.0,28.08,2.78,17.55,79.7,34.27,81.49,22.17,91.82,59.6,47.08,27.03,85.9,82.32,56.2,84.78,30.37,34.95,9.98,49.02,87.13,106.76,17.61,42.86,36.0,58.7,72.9,301.41,419.0,368.5,110.47,302.03,227.0,199.5,61.22,476.6,106.83,171.71,78.0,43.28,7.91,46.75,1.86,7.27,5.29,3.79,6.02,6.34,6.92,4.29,5.9,19.37,15.91,38.03,17.19,3.51,6.1,40.99,21.5,16.53,33.86,4.51,115.92,16.93,20.88,16.02,17.34,35.05,43.7,3.35,29.25,81.4,29.7,22.27,10.43,17.2,13.16,33.85,30.3,292.74,45.42,47.2,7.03,1756.0,17.78,36.74,24.3,37.54,18.15,83.9,4.28,9.62,36.5,25.29,20.22,72.24,54.75,126.39,3.34,253.0,8.93,48.61,10.19,36.93,39.61,23.28,6.14,7.11,6.99,13.6,64.75,9.28,14.35,12.79,6.49,11.38,75.17,44.91,22.16,30.97,48.75,8.43,9.38,9.35,26.06,19.28,4.42,8.35,14.17,4.2,17.19,6.38,7.82,13.47,3.02,43.29,4.59,4.9,27.65,8.2,6.17,6.88,4.61,4.61,20.52,3.46,24.52,35.76,5.17,5.89,7.6,13.08,10.47,3.85,4.97,11.26,134.26,10.27,12.59,4.5,3.11,6.3,15.67,5.14,46.6,2.36,36.26,9.11,8.7,167.8,9.34,9.72,6.32,3.28,13.99,5.96,19.8,6.94,3.18,3.52,37.05,4.61,24.8,42.0,58.15,141.57,140.7,95.91,94.08,73.12,391.08,43.3,166.51,98.99,162.0,138.85,90.9,113.5,119.64,81.4,48.96,137.61,4.47,133.0,97.23,65.1,112.2,90.17,96.3,207.6,23.0,589.7,124.89,51.79,47.98,63.58,42.44
2022-05-20,15.02,18.9,23.78,9.75,5.85,4.46,5.87,4.04,14.93,56.9,11.74,29.99,5.19,57.61,209.02,212.64,13.49,33.23,159.36,8.7,18.07,3.94,25.6,16.75,30.4,30.15,8.43,162.47,14.17,12.15,29.08,17.77,36.99,25.0,22.43,13.32,25.78,17.24,29.96,5.93,57.51,186.11,17.57,7.97,34.51,16.42,44.0,33.36,81.0,12.32,36.1,15.68,37.6,5.63,46.7,160.8,62.73,50.54,263.1,47.42,16.81,33.4,94.91,121.52,91.3,30.99,14.34,21.65,32.1,287.7,4.94,18.73,4.63,5.3,37.57,41.1,48.75,9.14,89.23,222.68,269.5,72.88,96.97,124.86,28.75,2.82,18.08,80.12,35.12,84.19,22.85,92.57,60.1,47.53,27.69,84.96,85.19,56.05,89.01,30.1,35.9,10.27,49.64,90.83,104.46,17.78,44.19,37.49,61.25,73.73,297.39,426.9,369.48,113.78,304.55,231.17,200.01,63.1,503.99,105.99,178.25,78.15,44.51,8.04,47.76,1.9,7.39,5.33,3.78,6.16,6.37,6.87,4.32,6.04,19.75,16.59,39.96,17.04,3.54,6.15,42.6,21.56,16.8,34.62,4.6,121.93,17.06,22.29,16.6,17.27,36.66,44.41,3.51,30.24,84.18,30.08,22.25,10.53,17.91,12.87,34.7,30.66,305.8,46.0,47.01,7.14,1800.01,18.12,37.09,24.75,37.97,19.2,85.97,4.23,9.89,36.88,26.08,20.2,71.6,55.33,132.3,3.35,262.98,9.05,48.8,10.29,37.68,39.68,23.3,6.18,7.2,7.03,13.67,66.0,9.35,14.7,13.02,6.57,11.37,76.68,46.07,22.73,32.35,49.7,8.87,9.57,9.46,25.45,19.69,4.44,8.37,14.38,4.26,17.83,6.43,7.96,13.38,3.02,44.31,4.66,4.93,28.21,8.3,6.25,6.98,4.63,5.07,21.15,3.54,24.92,34.53,5.28,5.91,7.72,13.24,10.58,3.86,5.01,11.41,134.18,10.26,12.8,4.67,3.13,6.35,15.24,5.22,45.6,2.36,35.62,9.26,8.84,175.75,9.76,10.02,6.32,3.3,14.57,5.98,20.71,7.19,3.19,3.54,37.49,4.64,25.18,42.99,58.7,144.87,140.99,98.52,96.9,74.86,392.3,45.67,172.61,101.7,163.67,138.0,92.3,112.62,119.08,82.72,49.85,142.25,4.69,133.26,97.41,64.48,113.58,91.75,95.75,208.95,23.03,618.97,137.19,52.23,49.32,63.2,42.88
2022-05-23,14.83,18.35,23.34,9.84,5.72,4.47,5.88,4.05,16.02,54.31,11.7,31.98,5.15,57.2,205.98,206.46,13.71,32.38,160.08,8.99,17.93,3.91,25.33,17.07,30.09,31.96,8.56,159.43,14.5,12.3,28.95,17.72,36.54,25.13,22.32,12.65,26.12,17.48,29.67,5.7,56.64,187.0,16.81,8.04,35.35,17.13,43.86,33.36,80.2,12.27,36.67,16.02,36.91,5.82,46.5,157.9,61.72,50.17,267.41,46.14,17.18,33.52,93.35,124.8,99.04,30.35,14.73,21.5,31.91,295.2,4.84,19.15,4.7,5.27,37.75,41.1,49.84,9.18,83.87,215.56,266.51,70.84,96.36,131.0,28.63,2.82,18.13,79.89,34.72,84.22,22.78,94.75,60.7,47.81,27.25,95.96,82.35,56.49,87.38,29.81,35.5,10.16,48.66,90.27,109.24,18.17,44.23,37.12,63.42,73.2,293.6,416.7,374.8,112.01,299.74,243.0,199.89,63.12,498.5,104.65,179.81,77.21,44.47,7.95,47.36,2.09,7.16,5.32,3.79,6.12,6.48,6.82,4.31,6.05,19.7,16.4,39.49,16.09,3.52,6.17,43.03,21.57,17.14,36.25,4.59,119.74,17.35,22.89,16.5,16.98,36.56,45.02,3.55,30.1,83.15,30.28,22.44,10.55,18.2,12.45,33.86,30.73,303.01,45.75,47.15,7.24,1781.0,18.5,36.81,24.77,37.5,18.88,85.37,4.15,9.92,36.86,25.6,20.78,71.58,55.3,132.73,3.31,255.0,9.07,48.96,10.31,37.18,39.2,22.9,6.11,7.25,6.92,13.4,66.49,9.52,14.81,13.06,6.59,11.09,75.9,45.29,22.48,32.48,48.84,8.83,9.44,9.43,24.68,19.68,4.43,8.19,14.4,4.35,18.18,6.41,8.16,13.98,3.01,43.89,4.65,4.94,28.22,8.38,6.31,6.71,4.62,5.24,21.04,3.55,24.81,34.01,5.22,5.72,7.53,13.26,10.77,3.88,5.02,11.45,136.0,10.04,12.98,4.62,3.14,6.36,15.21,5.22,45.02,2.34,35.65,9.34,8.85,166.77,9.83,10.01,6.35,3.29,15.14,5.97,20.21,7.18,3.2,3.57,37.6,4.63,25.37,43.3,59.27,140.39,139.6,97.51,97.21,73.69,385.81,44.78,171.5,99.99,165.47,136.0,92.51,113.04,117.45,83.5,48.3,148.29,4.75,133.36,96.26,64.48,112.8,88.61,96.77,206.51,22.93,619.24,139.31,51.95,49.58,63.58,43.1
2022-05-24,14.4,18.12,22.36,9.38,5.62,4.34,5.7,3.97,15.58,53.79,11.57,30.95,5.18,55.41,201.75,202.62,14.08,31.79,154.03,8.79,17.29,3.84,24.34,16.52,28.9,30.51,8.42,156.57,14.04,11.85,29.03,16.75,35.71,23.62,21.8,12.95,25.28,19.23,28.26,5.48,56.36,179.0,16.35,7.8,33.4,16.87,42.68,32.98,79.4,11.86,34.73,15.42,36.12,5.65,45.3,155.98,61.08,48.31,261.5,43.72,16.47,32.16,92.28,119.7,96.4,29.06,14.66,20.79,30.32,281.0,4.56,18.49,4.5,5.03,36.65,38.86,48.54,9.01,81.49,208.06,250.39,68.12,92.23,124.57,27.02,2.75,17.3,75.8,33.81,80.5,22.08,89.2,59.19,47.79,25.8,91.43,77.61,54.98,81.6,29.0,37.44,9.6,46.6,84.06,106.28,17.55,41.83,35.17,61.0,72.63,291.5,402.04,365.99,109.7,290.5,237.55,190.1,59.88,487.0,99.0,172.6,77.0,43.3,7.88,47.26,2.05,6.93,5.26,3.77,5.95,6.32,6.75,4.28,5.91,19.24,15.97,38.9,16.18,3.47,6.02,41.87,20.95,17.21,34.13,4.51,113.96,16.8,21.34,16.1,16.48,37.43,43.18,3.39,28.61,82.03,29.36,22.01,10.29,17.51,12.62,32.48,28.25,296.27,44.96,45.16,7.03,1760.0,17.92,34.8,23.72,36.92,17.9,84.04,3.97,9.51,38.68,24.83,21.79,67.39,52.44,124.5,3.33,252.04,8.91,47.25,10.09,37.1,38.02,22.89,5.92,7.0,6.8,13.37,65.99,9.15,14.52,12.67,6.55,10.84,73.43,45.33,21.64,32.51,47.08,8.83,8.9,9.1,24.65,19.48,4.41,7.97,14.1,4.18,18.15,6.35,7.83,14.34,3.03,43.14,4.55,4.92,27.16,7.99,6.1,6.5,4.67,4.93,20.75,3.41,24.48,34.37,5.23,5.6,7.22,12.87,10.43,3.84,4.92,11.03,145.0,9.59,12.86,4.53,3.12,6.3,14.93,5.18,43.75,2.29,34.38,9.02,8.64,164.4,9.72,9.71,6.19,3.24,14.95,5.96,20.4,7.01,3.2,3.47,36.27,4.58,23.67,40.45,55.51,134.8,138.4,92.25,99.45,73.47,377.65,43.32,164.01,100.3,157.12,130.5,89.05,109.71,113.5,81.79,48.14,141.35,4.54,136.02,90.05,62.03,109.0,84.15,92.43,197.96,22.03,605.16,131.94,49.62,46.89,62.5,41.61
2022-05-25,14.39,18.22,22.53,9.63,5.63,4.35,5.75,4.0,15.12,53.4,11.68,29.84,5.27,55.78,197.5,198.88,14.54,31.77,151.9,9.01,17.36,3.88,24.81,16.64,28.88,30.25,8.74,157.45,14.26,11.91,29.5,16.98,36.41,24.11,22.8,12.97,20.64,20.44,28.74,5.6,57.73,179.93,16.54,7.79,33.28,17.63,42.68,33.22,80.2,12.08,34.82,15.53,36.41,5.69,45.96,155.05,60.88,48.5,261.53,45.5,16.6,32.41,93.26,118.99,97.52,29.27,14.28,21.03,30.24,287.2,4.61,18.53,4.61,5.06,36.57,38.23,50.17,9.09,84.55,207.4,245.49,67.08,92.3,121.97,26.86,2.8,17.52,74.99,34.1,81.0,22.25,89.65,58.99,46.96,25.39,90.8,79.19,54.5,81.22,30.0,37.71,9.63,46.22,83.53,104.23,18.04,42.22,37.91,62.3,72.84,280.37,398.98,366.41,109.16,291.6,234.28,189.57,59.88,485.0,96.21,172.88,75.16,43.8,7.88,49.2,2.03,7.31,5.28,3.82,6.23,6.33,6.89,4.34,6.16,19.31,16.26,38.78,16.22,3.48,6.04,42.56,21.61,17.34,34.18,4.61,115.4,17.46,21.6,16.13,16.54,37.95,43.0,3.41,28.93,82.31,29.77,21.72,10.47,17.85,12.5,33.68,29.52,294.85,45.17,44.82,7.13,1755.51,18.48,35.01,23.84,37.12,18.06,84.03,3.99,9.62,39.0,25.02,22.18,67.09,53.4,125.19,3.46,248.26,8.95,48.42,10.38,37.14,38.6,23.21,6.12,7.05,6.8,13.4,67.36,9.17,14.49,12.72,6.65,11.05,73.98,46.69,21.56,33.13,47.4,9.41,8.95,9.14,24.2,19.53,4.42,8.04,14.18,4.22,18.51,6.37,7.86,14.73,3.03,43.23,4.58,4.92,27.38,8.13,6.12,6.63,4.66,4.97,20.85,3.49,24.2,37.1,5.29,5.65,7.75,12.96,10.49,3.86,4.94,11.08,144.5,9.86,13.44,4.59,3.12,6.31,15.3,5.32,43.15,2.34,34.95,9.08,8.7,165.65,9.93,9.9,6.22,3.25,15.19,6.0,20.75,7.15,3.2,3.52,36.58,4.62,24.09,41.0,55.55,134.11,139.09,91.33,96.4,73.55,370.88,43.82,162.65,97.01,154.99,127.3,88.95,78.5,112.07,81.45,50.0,141.19,4.71,137.1,91.35,61.6,108.25,83.6,88.81,201.73,22.23,616.7,133.95,50.05,47.06,65.24,42.38
2022-05-26,14.19,18.39,24.2,9.71,5.75,4.4,5.95,4.06,15.34,53.82,11.8,30.12,5.58,56.32,196.81,200.02,14.11,31.74,151.03,9.46,17.94,3.93,25.62,17.01,29.0,31.76,8.69,157.22,14.2,12.15,29.21,17.28,36.62,24.35,23.0,13.13,20.55,19.34,28.92,5.84,58.08,182.49,16.56,7.89,33.69,18.0,42.87,32.42,83.63,12.23,35.05,15.82,37.04,5.68,46.01,155.05,60.25,50.49,255.99,45.59,11.76,31.99,92.8,121.2,97.0,30.6,15.29,21.02,30.61,286.64,4.71,18.45,4.67,5.06,37.49,37.86,49.86,9.18,85.0,206.8,237.47,67.61,90.29,122.68,26.9,2.81,17.85,76.46,34.29,82.76,22.45,86.4,59.09,47.74,25.93,88.46,78.5,54.6,79.3,29.35,38.29,10.02,45.66,84.91,104.2,18.05,43.25,39.64,60.81,72.6,277.22,390.01,369.0,106.12,283.3,157.9,186.68,59.11,485.0,97.52,173.62,76.19,44.01,7.9,49.35,2.01,7.18,5.32,3.84,6.3,6.39,7.09,4.38,6.32,19.62,17.09,38.43,16.43,3.48,6.13,44.41,21.56,17.22,34.09,4.68,117.81,18.03,21.31,15.52,15.73,39.74,42.91,3.44,29.04,83.1,30.38,22.55,10.53,18.06,12.75,33.46,29.29,295.28,44.99,43.99,7.14,1742.8,18.49,36.19,23.83,37.69,18.06,86.02,4.03,9.75,38.7,24.99,21.77,63.25,54.18,126.41,3.42,245.6,9.1,48.16,10.47,37.37,40.05,23.8,6.19,7.17,6.5,13.51,67.4,9.28,14.6,12.92,6.74,11.17,75.1,46.62,22.02,33.33,50.43,9.49,9.4,9.22,25.23,19.53,4.44,8.11,14.34,4.25,19.2,6.41,7.95,14.71,3.04,43.15,4.63,4.94,27.9,8.2,6.25,6.8,4.65,5.02,21.24,3.53,24.3,35.23,5.36,5.69,7.74,13.18,10.79,3.87,5.01,11.38,150.5,9.97,14.0,4.73,3.13,6.34,15.49,5.36,44.09,2.34,34.9,9.49,8.87,163.05,10.21,9.86,6.28,3.26,15.12,6.03,20.14,7.36,3.21,3.58,37.37,4.63,24.55,41.32,55.86,136.01,142.7,88.1,94.17,72.85,369.45,44.17,146.39,96.51,152.22,124.22,89.86,78.8,114.23,78.6,50.89,139.8,4.76,133.27,89.36,60.99,108.0,84.57,86.95,200.2,22.43,631.2,134.85,50.07,47.67,63.9,42.42
2022-05-27,14.18,18.14,24.1,9.73,5.67,4.41,5.94,4.04,15.25,53.12,11.72,30.23,,56.26,197.4,202.83,14.15,31.53,151.69,9.77,18.35,3.93,25.58,16.96,28.72,30.9,8.74,157.95,14.12,12.2,28.9,17.38,36.57,24.41,23.33,12.92,20.49,18.75,28.72,5.77,56.09,183.0,16.36,7.84,34.47,17.95,42.55,32.43,83.61,12.04,34.96,15.87,37.04,5.62,45.76,155.5,60.56,50.08,256.2,46.44,11.59,32.53,92.61,119.4,96.59,31.06,15.13,20.6,30.63,288.88,4.6,18.39,4.63,5.35,38.09,37.71,49.31,9.16,82.7,211.83,253.0,67.6,89.68,121.88,26.87,2.8,17.53,75.7,33.64,82.5,22.17,84.7,60.48,47.9,25.51,88.62,77.74,54.09,82.35,29.11,37.33,9.89,45.82,85.0,104.17,17.81,42.95,38.99,60.87,72.42,280.69,394.4,361.1,111.9,294.93,156.68,187.7,61.64,489.32,97.5,176.28,77.39,43.67,8.0,49.05,2.0,7.12,5.32,3.86,6.3,6.37,7.16,4.41,6.32,19.61,16.98,39.12,16.31,3.49,6.16,44.55,21.42,17.13,34.06,4.71,116.67,17.92,20.69,15.8,15.76,39.47,42.72,3.4,29.78,83.51,30.26,22.72,10.52,17.94,12.36,33.3,29.37,295.38,44.67,43.85,7.14,1755.16,18.51,36.15,23.59,37.22,18.12,85.18,4.01,9.65,37.99,25.12,21.27,61.75,54.11,125.27,3.52,251.29,9.1,47.89,10.21,37.59,39.44,23.72,6.13,7.14,6.59,13.59,66.99,9.16,15.2,12.89,6.76,11.13,75.12,47.4,22.28,34.49,50.53,9.6,9.32,9.24,24.39,19.72,4.45,8.15,14.43,4.29,19.36,6.42,7.88,14.52,3.04,43.53,4.63,4.97,28.02,8.16,6.23,6.92,4.67,5.02,21.3,3.54,24.41,34.85,5.32,5.64,7.86,13.22,10.77,3.86,5.06,11.4,149.59,10.02,14.45,4.75,3.13,6.37,15.78,5.55,43.4,2.34,34.16,9.37,8.84,164.95,10.3,9.93,6.24,3.26,15.48,6.02,19.79,7.28,3.22,3.57,36.99,4.65,24.46,41.27,55.08,135.0,142.08,92.48,93.0,72.7,369.97,43.7,136.09,100.09,149.32,125.18,89.81,78.5,111.33,78.0,50.71,138.96,4.75,137.6,87.96,60.0,106.36,81.85,87.14,196.99,21.4,565.99,137.4,49.4,46.36,63.03,42.13
2022-05-30,14.08,17.82,24.0,10.14,5.7,4.45,5.88,4.02,15.4,53.4,11.83,30.28,5.4,56.13,206.0,218.8,14.14,31.84,159.22,10.42,18.46,3.74,25.61,16.91,28.5,31.53,9.18,166.18,14.1,12.08,28.19,17.23,37.7,24.26,23.08,12.6,20.28,18.93,29.0,5.97,56.43,180.5,16.7,7.95,35.21,18.05,42.75,32.18,82.83,12.04,35.82,15.92,37.03,5.62,45.15,159.83,59.97,51.57,258.8,51.08,11.58,32.99,92.1,119.23,98.62,31.0,15.22,20.57,32.25,298.12,4.59,18.85,4.55,5.32,38.61,37.91,49.15,9.11,81.54,216.98,253.5,69.8,90.99,127.39,27.58,2.78,17.51,79.05,35.09,82.89,22.04,85.5,60.04,46.77,26.19,93.69,76.32,54.16,83.63,29.13,36.34,9.76,46.92,90.92,108.91,17.66,42.97,42.8,62.89,73.64,288.54,401.8,361.99,113.95,294.0,161.2,188.94,60.0,503.84,103.0,183.3,74.48,44.24,7.88,50.01,2.0,7.08,5.31,3.79,6.29,6.38,7.13,4.4,6.47,19.5,16.79,39.07,15.86,3.48,6.1,45.61,21.46,17.3,34.18,4.77,125.44,18.61,22.42,16.11,15.79,38.8,44.22,3.51,29.71,85.34,30.81,23.46,10.57,17.98,11.97,34.02,29.97,299.1,43.78,44.49,7.18,1778.41,18.49,37.4,23.8,37.08,18.62,90.9,3.9,9.81,39.89,25.31,22.35,62.19,55.06,131.45,3.48,261.25,9.07,52.0,10.27,37.67,39.36,23.74,6.11,7.13,6.49,13.31,66.88,9.09,15.35,12.81,6.71,10.89,76.31,48.3,22.1,33.96,51.67,9.75,9.38,9.17,23.94,19.53,4.42,8.03,14.42,4.31,19.0,6.39,7.88,14.56,3.02,44.15,4.62,4.91,28.05,8.13,6.15,6.77,4.65,5.06,21.08,3.53,24.46,34.02,5.23,5.52,7.88,13.24,10.97,3.86,5.03,11.35,155.71,9.85,14.43,4.81,3.11,6.47,15.46,5.53,43.05,2.33,34.1,9.29,8.77,172.0,10.11,10.11,6.23,3.25,15.33,6.02,20.68,7.25,3.2,3.64,37.15,4.65,24.4,41.78,55.25,140.31,145.49,92.8,91.47,74.05,374.3,45.9,132.8,106.5,159.02,128.0,90.7,78.3,116.85,76.6,50.97,142.0,4.74,139.27,89.8,62.41,109.39,82.56,86.45,200.4,21.34,594.21,139.73,50.88,47.31,62.0,42.06
2022-05-31,14.16,17.81,24.33,10.16,5.73,4.54,5.93,4.05,15.63,54.48,12.11,29.94,5.29,56.4,214.8,227.99,13.95,32.17,165.88,10.67,19.43,3.79,26.0,17.1,28.9,31.53,8.96,171.4,14.28,12.2,28.34,17.8,38.77,24.65,22.85,12.5,20.74,18.7,29.81,6.42,56.34,177.4,17.44,8.26,36.88,18.16,43.6,32.75,82.99,12.36,36.36,16.17,40.73,5.63,44.55,165.0,59.88,51.9,270.0,53.8,11.63,33.4,93.6,119.0,98.33,33.81,15.98,21.66,35.48,295.91,4.77,18.99,4.64,5.17,39.36,38.05,51.18,9.13,83.95,217.76,261.65,70.13,92.11,126.85,30.34,2.8,17.69,80.43,37.16,85.32,22.64,87.28,61.23,46.43,26.73,93.0,79.96,55.32,85.92,29.62,36.21,10.55,48.54,94.32,109.9,18.07,44.01,46.02,62.29,73.94,287.43,408.0,376.99,119.27,302.5,169.0,194.0,62.65,540.9,105.27,190.0,76.33,45.38,7.94,50.41,2.01,7.39,5.32,3.81,6.25,6.4,7.1,4.46,6.49,19.79,16.95,39.69,15.51,3.48,6.15,46.57,22.5,17.19,34.83,4.82,129.82,18.62,22.54,16.34,16.24,38.64,43.8,3.55,30.32,84.12,30.95,23.58,10.67,18.12,11.89,34.25,29.84,309.7,45.19,45.1,7.18,1804.03,18.39,40.1,24.2,36.83,19.36,92.75,3.84,10.0,40.14,25.39,22.05,63.64,55.87,139.93,3.6,272.5,9.13,52.18,10.34,38.0,39.53,24.02,6.21,7.28,6.42,13.62,66.26,9.34,15.56,12.9,6.71,10.8,79.2,48.51,22.43,33.96,53.32,9.69,9.43,9.41,24.26,19.65,4.42,7.94,14.49,4.33,18.97,6.41,7.91,14.98,3.03,44.2,4.68,4.91,28.2,8.28,6.19,6.57,4.66,5.15,21.25,3.53,24.85,33.2,5.25,5.51,7.81,13.32,10.94,3.87,5.06,11.55,150.81,9.61,15.06,4.87,3.12,6.5,15.29,5.66,43.93,2.33,36.67,9.66,8.84,176.7,9.96,10.06,6.26,3.25,15.35,5.98,21.3,7.26,3.19,3.65,38.5,4.65,24.93,42.55,57.73,149.72,145.78,95.31,93.12,76.64,381.0,45.99,127.39,117.15,164.0,128.6,94.48,79.34,119.6,75.72,51.78,143.64,4.77,144.55,93.01,64.26,115.44,87.95,88.2,204.9,22.38,635.51,147.18,52.88,48.15,64.2,42.88
2022-06-01,14.08,17.88,24.05,10.04,5.8,4.47,5.94,4.03,15.24,54.27,12.04,29.67,5.29,55.61,214.44,225.9,14.52,31.73,171.16,10.33,19.9,3.77,26.94,16.8,30.86,30.88,9.1,170.41,14.1,12.29,27.36,17.5,38.45,24.6,22.82,12.71,20.68,18.5,29.6,6.45,56.9,175.68,17.92,8.24,40.0,17.2,43.0,32.35,83.05,12.29,36.48,15.74,40.0,5.61,46.46,162.8,61.39,52.3,272.46,52.2,11.72,33.45,91.09,117.05,95.57,32.79,15.42,21.08,34.99,299.98,4.69,19.05,4.63,5.08,38.96,40.05,50.15,9.16,92.35,220.0,256.56,71.14,91.33,132.7,30.3,2.81,17.59,86.53,36.6,84.36,22.74,86.82,61.25,47.17,28.81,90.35,80.8,54.2,84.97,29.73,35.05,10.19,48.8,95.9,113.66,18.01,45.47,45.8,61.86,75.98,290.19,425.03,377.43,119.21,303.53,159.87,195.0,62.01,529.0,105.58,193.19,75.09,45.15,7.91,48.89,2.0,7.18,5.36,3.78,6.43,6.44,7.08,4.4,6.48,19.61,16.8,39.69,15.75,3.47,6.13,45.08,22.38,17.66,34.25,4.75,128.21,19.5,22.49,16.57,16.17,40.2,43.11,3.45,29.98,83.32,30.5,22.32,10.53,18.0,11.92,35.23,29.0,304.05,45.02,44.92,7.12,1788.25,18.16,39.4,23.99,37.17,19.04,91.62,3.81,9.88,41.15,25.46,23.2,63.72,57.0,142.31,3.51,271.6,9.09,50.82,10.23,36.6,40.16,24.23,6.16,7.21,6.4,13.26,63.79,9.23,15.56,12.95,6.69,10.93,78.7,47.42,22.12,33.79,52.5,9.52,9.37,9.37,24.63,19.56,4.43,7.89,14.42,4.32,19.34,6.41,7.88,15.93,3.01,44.17,4.61,4.92,28.08,8.28,6.15,6.53,4.65,5.02,21.13,3.5,24.8,33.79,5.17,5.52,7.67,13.26,10.96,3.89,5.07,11.48,148.2,9.63,15.23,4.7,3.1,6.5,15.49,5.55,43.18,2.31,36.2,9.61,8.8,175.92,10.27,9.86,6.23,3.26,15.39,5.97,21.77,7.15,3.19,3.71,38.08,4.65,24.74,42.7,57.8,159.0,148.48,93.45,92.15,75.92,379.9,45.7,128.25,116.0,163.0,67.47,97.46,77.01,123.1,75.62,50.13,143.85,4.78,142.4,92.45,63.67,116.3,95.94,92.33,205.0,22.68,624.37,146.41,53.59,49.41,60.73,42.75
2022-06-02,13.95,17.71,24.22,10.23,5.7,4.34,6.04,4.05,15.31,52.56,12.21,30.19,5.31,55.56,210.33,223.0,15.51,31.52,169.15,10.18,20.31,3.76,27.35,16.9,30.56,30.42,9.19,169.75,13.96,12.14,26.81,17.81,38.15,24.87,22.6,12.52,21.0,18.49,30.51,6.37,55.99,185.3,18.32,8.27,40.4,17.25,43.75,32.09,85.96,12.63,36.92,15.78,40.61,5.58,47.5,162.29,60.69,51.87,288.71,52.3,12.05,32.99,91.3,116.68,94.39,33.5,15.37,21.14,35.38,301.02,4.71,19.08,4.65,5.06,38.64,41.44,49.94,9.21,93.5,224.73,250.11,71.93,93.46,138.0,30.75,2.79,17.26,86.46,35.12,85.11,22.83,84.6,64.1,46.86,28.77,92.28,85.0,56.74,82.0,30.4,34.58,10.38,51.35,98.72,116.6,17.74,46.56,45.87,37.56,78.01,297.46,436.8,376.75,116.55,298.0,161.86,198.54,64.3,527.09,109.0,192.0,75.0,45.21,7.89,48.49,2.07,7.16,5.36,3.78,6.19,6.5,6.87,4.42,6.48,19.68,16.95,38.92,15.3,3.47,6.18,45.68,22.54,17.75,35.86,4.72,127.0,19.16,22.49,16.44,16.47,38.59,42.58,3.52,29.84,81.7,30.13,22.34,10.53,18.11,11.73,35.26,28.73,301.02,47.37,46.6,7.18,1786.0,18.24,40.28,24.42,36.22,19.24,89.95,3.78,9.75,41.84,25.24,23.5,65.8,57.23,139.02,3.5,270.25,9.13,52.84,10.11,36.16,41.02,23.92,6.21,7.26,6.38,13.38,63.74,9.28,15.51,13.05,6.67,10.77,79.98,47.7,22.22,33.19,54.3,9.46,9.83,9.4,24.54,19.35,4.43,7.88,14.48,4.35,18.75,6.4,7.96,16.11,3.01,44.0,4.61,4.92,28.15,8.37,6.24,6.49,4.63,5.04,21.07,3.52,25.12,35.47,5.12,5.45,7.72,13.32,11.11,3.91,5.09,11.56,158.49,9.59,14.85,4.65,3.11,6.5,15.4,5.47,43.0,2.32,36.89,9.62,8.89,175.39,9.89,9.87,6.27,3.25,15.29,5.97,22.88,7.05,3.19,3.69,38.66,4.68,25.28,43.11,59.61,116.65,146.24,90.64,95.03,74.84,393.51,45.41,125.48,112.85,172.25,66.98,99.81,77.75,128.02,74.26,49.93,145.02,4.84,141.67,100.68,67.44,123.47,100.23,97.64,210.23,24.07,642.0,148.94,55.85,52.25,61.93,44.52
2022-06-06,14.17,17.29,24.72,10.53,5.56,4.39,6.08,4.11,15.86,52.79,12.23,31.58,5.33,56.29,214.8,225.4,15.66,31.7,170.8,10.52,19.96,3.79,28.05,17.5,30.37,31.99,9.14,172.94,14.0,12.27,26.67,18.21,38.54,25.4,22.9,12.17,21.2,18.75,31.35,6.58,55.0,193.92,18.46,8.49,43.19,17.28,45.49,32.03,88.13,12.75,38.77,16.47,41.41,5.6,46.18,162.64,59.67,51.35,291.5,52.5,12.34,34.86,96.79,126.84,103.83,35.8,15.7,21.39,36.0,318.23,4.77,19.73,4.84,5.17,27.71,45.58,49.35,9.31,93.03,234.41,267.52,74.47,98.51,147.0,30.73,2.8,17.45,90.81,35.73,88.11,23.95,88.18,65.65,46.08,31.3,95.96,92.1,59.76,87.5,31.5,35.09,10.54,53.5,103.0,120.88,17.31,46.93,45.65,39.66,77.4,293.32,465.99,383.5,124.26,303.0,167.6,203.19,66.0,530.56,117.55,192.5,76.26,45.74,7.86,48.89,2.13,7.12,5.39,3.8,6.2,6.55,6.89,4.44,6.4,19.96,17.38,38.97,14.93,3.47,6.26,45.9,23.24,17.65,37.86,4.67,128.48,18.96,22.72,16.72,17.06,39.2,42.72,3.69,30.53,83.01,30.17,22.71,10.62,18.64,11.41,34.57,29.67,305.1,49.16,48.47,7.23,1788.0,18.28,42.2,25.27,35.21,20.04,93.0,3.79,9.68,42.99,25.07,23.15,68.39,57.92,143.0,3.65,276.78,9.25,54.82,10.1,36.16,41.71,24.13,6.31,7.39,6.33,13.64,63.52,9.56,15.58,13.28,6.61,10.75,60.62,47.32,22.8,34.03,54.4,9.36,9.91,9.43,24.38,19.19,4.43,7.82,14.67,4.42,19.36,6.41,8.12,15.86,2.99,44.26,4.64,4.89,28.4,8.47,6.34,6.26,4.6,5.12,21.24,3.57,25.06,36.36,5.05,5.31,7.85,13.57,11.34,3.91,5.08,11.71,161.96,9.38,15.27,4.61,3.11,6.49,15.86,5.5,44.8,2.34,37.94,9.71,9.0,180.97,10.22,10.4,6.36,3.26,15.44,5.92,22.15,6.97,3.18,3.66,39.25,4.67,26.26,43.39,60.65,123.1,144.89,98.98,101.25,75.78,393.8,46.23,127.3,114.4,180.33,71.14,106.66,81.62,126.6,74.99,50.09,143.95,5.04,144.9,106.56,71.08,127.33,102.3,106.41,224.0,24.61,714.96,143.11,58.35,55.15,65.85,45.69
2022-06-07,14.16,17.43,24.65,10.92,5.61,4.35,6.05,4.08,15.63,53.0,12.01,31.56,5.3,57.23,217.11,227.01,15.28,31.92,172.82,10.59,19.71,3.76,29.32,17.64,30.65,31.18,8.91,174.12,14.1,12.38,26.95,18.1,38.51,25.51,22.4,12.32,22.03,18.81,31.42,6.57,55.73,189.66,18.4,8.44,43.36,17.71,45.08,33.57,87.27,12.58,38.12,16.16,40.22,5.65,46.23,164.59,60.8,52.93,278.18,53.12,12.15,34.89,93.14,127.13,104.95,34.94,15.54,21.83,36.55,314.89,4.67,19.7,4.79,5.46,27.43,44.68,50.45,9.28,91.58,235.63,273.48,75.15,96.47,146.0,30.45,2.78,17.57,89.85,35.94,88.55,23.86,88.52,65.39,46.42,31.14,93.55,95.09,60.0,92.7,31.49,35.48,10.34,52.7,100.0,120.0,17.81,47.01,44.3,40.4,77.81,286.0,459.0,395.92,127.5,312.72,171.0,211.95,65.64,527.69,118.56,194.89,76.35,45.95,7.88,48.6,2.09,7.2,5.41,3.81,6.27,6.5,6.78,4.48,6.36,20.11,17.51,39.35,15.28,3.48,6.25,46.58,23.45,17.23,37.27,4.66,128.96,18.91,22.51,16.33,16.67,38.74,43.49,3.66,31.19,84.0,31.39,22.59,10.72,18.55,11.62,34.2,29.71,316.09,50.05,47.5,7.27,1817.9,18.16,43.25,24.85,35.5,19.8,93.06,3.86,9.68,41.45,24.9,22.65,67.49,58.56,144.53,3.6,286.1,9.28,54.75,10.08,36.38,42.03,23.67,6.27,7.39,6.53,13.9,64.26,9.62,15.54,13.28,6.6,11.07,60.63,47.43,23.43,33.7,54.37,9.31,9.95,9.43,24.8,19.51,4.44,7.86,14.66,4.69,19.29,6.43,8.1,15.7,2.99,44.15,4.6,4.9,28.58,8.43,6.34,6.3,4.61,5.05,21.43,3.58,25.13,35.09,5.14,5.38,7.71,13.56,11.18,3.91,5.08,11.78,155.68,9.43,15.51,4.58,3.11,6.53,16.6,5.5,45.88,2.33,37.44,9.63,9.01,184.8,10.14,10.3,6.34,3.28,15.93,5.93,21.04,6.99,3.19,3.66,39.55,4.7,27.38,43.89,59.42,122.61,146.62,100.44,96.84,80.25,377.77,47.82,134.18,117.0,171.72,70.87,106.38,80.5,123.95,76.07,51.03,139.86,5.04,148.94,104.7,68.38,126.8,101.6,101.48,218.3,24.44,682.53,147.32,58.01,52.75,65.25,45.22
2022-06-08,14.16,17.54,24.63,11.09,5.58,4.33,6.02,4.14,15.67,52.99,12.07,32.62,5.27,56.91,221.22,233.58,15.69,31.81,174.65,10.62,19.87,3.74,28.66,17.99,30.34,32.49,9.06,178.13,14.3,11.94,27.31,18.19,39.88,25.92,22.71,12.26,22.14,19.9,31.29,6.6,55.1,187.93,19.06,8.46,42.88,17.7,44.97,33.71,86.5,12.49,38.68,16.27,39.62,5.62,46.43,169.7,61.07,53.4,279.7,53.25,12.1,35.69,98.08,130.79,109.85,35.24,16.09,22.0,36.91,327.41,4.67,19.8,4.8,6.01,27.83,44.25,50.38,9.39,90.71,235.82,280.5,76.38,95.82,147.22,29.73,2.81,17.81,96.97,37.48,89.99,23.95,90.5,65.4,46.79,30.9,93.41,92.9,59.12,97.91,31.16,34.9,10.37,54.0,102.54,117.6,18.26,47.84,45.48,40.11,78.04,285.29,460.0,397.0,134.0,312.7,167.48,208.8,64.94,535.0,118.1,199.07,76.0,46.16,7.86,49.14,2.14,7.25,5.05,3.81,6.24,6.62,6.85,4.51,6.51,20.36,17.35,39.53,15.08,3.48,6.33,46.72,23.93,17.43,39.32,4.73,131.5,18.93,22.72,16.28,16.6,42.61,43.4,3.69,32.09,84.59,31.17,23.28,10.65,18.72,11.55,33.41,29.62,319.0,50.56,47.17,7.3,1865.6,18.34,42.84,24.7,35.75,20.18,94.46,3.87,9.78,41.86,24.34,22.55,68.06,56.95,148.84,3.69,286.5,9.52,54.49,10.15,37.11,40.9,23.77,6.29,7.51,6.55,13.8,65.01,9.7,15.79,13.68,6.69,11.24,60.21,48.75,23.6,35.19,53.9,9.62,10.14,9.42,24.43,19.63,4.45,7.79,14.79,4.61,20.28,6.43,8.21,16.03,2.99,44.59,4.66,4.91,28.93,8.45,6.59,6.25,4.64,5.2,21.56,3.55,25.17,37.39,5.16,5.36,7.69,13.77,11.03,3.74,5.1,12.96,152.5,9.26,15.83,4.64,3.12,6.55,16.74,5.64,46.02,2.37,36.1,10.01,9.19,191.56,10.97,10.34,6.42,3.27,15.72,5.94,21.07,6.92,3.19,3.66,40.3,4.71,28.33,44.15,59.05,123.54,144.39,105.0,96.21,81.8,378.51,47.95,132.5,114.75,170.51,70.46,82.78,80.1,120.0,75.7,51.18,142.58,5.17,146.9,103.33,69.26,126.72,104.33,98.18,225.05,24.55,709.69,147.0,58.4,52.52,63.49,44.89
2022-06-09,14.35,17.83,24.25,10.71,5.56,4.23,5.96,4.11,15.84,52.38,11.86,32.84,5.24,56.11,215.4,223.3,15.1,31.31,169.9,10.66,19.8,3.68,27.65,17.94,29.35,32.05,8.95,176.01,14.49,12.01,27.37,17.69,40.85,24.98,21.92,12.54,21.89,19.28,30.2,6.53,53.25,184.0,18.86,8.07,43.15,17.3,45.12,34.34,85.43,12.28,37.5,15.72,38.31,5.58,45.35,164.55,60.05,51.81,267.35,52.78,11.8,34.62,98.98,128.15,109.99,33.62,16.02,22.0,36.3,322.41,4.54,19.85,4.77,5.63,28.07,42.86,51.79,9.38,87.73,230.76,271.79,74.91,93.2,141.6,28.7,2.81,17.22,91.41,36.66,88.9,23.85,88.05,64.51,45.1,29.65,89.9,91.76,57.8,95.7,29.38,34.67,10.06,54.09,100.76,115.1,18.77,46.33,43.66,38.96,77.64,274.91,431.35,391.91,132.84,304.76,164.05,198.09,62.06,529.1,119.32,194.39,74.3,44.95,7.95,48.91,2.11,6.53,5.07,3.84,6.14,6.65,6.99,4.52,6.45,20.23,17.41,40.29,15.58,3.48,6.41,46.05,24.72,17.11,38.55,4.69,126.5,19.21,22.96,16.29,16.19,42.68,42.25,3.65,30.95,85.77,30.68,23.26,10.48,18.66,11.86,33.39,29.53,312.75,50.83,46.2,7.39,1853.0,18.65,41.39,24.08,35.57,19.28,92.0,3.83,9.64,40.38,23.53,21.96,65.5,55.91,144.53,3.76,283.37,9.47,53.72,10.17,37.03,39.83,23.71,6.26,7.46,6.65,13.81,65.73,9.59,16.3,13.96,6.74,11.46,60.98,47.06,23.35,34.83,52.75,9.69,10.12,9.33,24.63,20.19,4.48,7.85,14.75,4.79,20.87,6.46,8.22,15.59,3.0,44.62,4.77,4.94,28.8,8.31,6.75,6.32,4.66,5.07,21.56,3.57,25.43,35.58,5.24,5.46,7.97,13.81,10.72,3.75,5.07,14.26,146.89,9.36,15.79,4.64,3.14,6.57,17.03,5.8,44.33,2.45,35.0,10.43,9.21,186.9,10.93,10.28,6.44,3.29,14.88,5.97,20.18,6.99,3.21,3.63,40.71,4.74,27.34,43.4,56.49,125.91,142.79,102.62,101.06,78.75,344.88,47.15,129.1,111.2,163.93,68.9,78.7,76.34,115.69,75.03,50.0,136.69,5.39,141.82,100.88,68.68,122.63,100.17,97.71,209.17,24.25,682.69,141.6,58.29,50.0,62.79,43.91
2022-06-10,14.32,17.86,24.47,10.71,5.57,4.29,5.98,4.18,17.42,52.25,12.15,33.18,5.27,56.6,219.1,223.27,15.6,31.55,175.5,11.38,19.83,3.71,29.3,18.67,29.8,32.07,9.05,177.42,14.35,12.0,27.8,17.93,41.12,25.36,21.97,12.36,22.45,19.27,31.0,6.4,53.76,202.4,20.15,8.13,44.59,17.5,45.73,34.47,89.23,12.66,37.89,15.79,39.15,5.62,46.84,169.39,60.05,52.6,272.01,52.11,11.98,34.71,100.44,131.48,111.52,34.18,16.31,22.63,37.23,348.8,4.62,20.39,4.79,5.67,27.32,46.6,51.58,9.59,89.98,231.1,271.6,75.39,93.43,144.62,29.39,2.82,17.34,96.45,37.1,92.01,24.24,90.66,65.01,45.14,30.39,91.29,93.05,59.3,95.65,28.87,36.26,10.16,57.93,102.0,119.12,18.45,46.35,44.61,38.96,78.0,266.8,454.0,387.2,130.31,306.55,164.38,195.0,62.84,528.5,129.05,197.1,74.6,46.72,7.93,48.2,2.14,6.49,5.08,3.85,6.15,6.68,7.31,4.23,6.47,20.79,16.81,40.12,15.53,3.5,6.4,46.75,25.48,17.55,39.59,4.64,124.82,19.18,23.24,16.5,16.4,42.8,42.75,3.66,31.56,87.42,30.86,23.16,10.4,18.85,11.75,33.7,29.77,317.35,53.53,46.55,7.36,1900.6,18.4,42.9,24.35,35.6,19.3,92.1,3.76,9.72,42.4,24.02,22.6,67.73,58.42,144.9,3.8,286.97,9.63,53.98,10.48,37.33,41.51,24.02,6.36,7.68,6.68,13.84,65.5,9.91,16.61,14.23,6.71,11.49,61.06,46.64,23.77,34.81,53.62,9.64,10.22,9.6,24.29,20.33,4.5,7.87,14.98,4.79,21.3,6.52,8.37,16.08,3.02,44.94,4.85,5.01,29.3,8.4,6.94,6.32,4.69,5.15,21.84,3.57,25.66,36.52,5.26,5.48,7.9,14.11,10.99,3.78,5.1,15.69,155.8,9.24,15.85,4.71,3.15,6.54,17.27,5.89,44.3,2.43,35.28,10.71,9.37,187.75,11.25,10.19,6.57,3.33,14.79,6.0,20.43,6.98,3.23,3.64,42.32,4.76,27.68,44.3,55.8,132.6,142.24,102.83,111.17,79.96,345.2,47.71,129.98,110.72,165.4,70.77,81.7,76.34,120.0,75.1,49.43,136.71,5.68,143.57,104.83,68.91,126.67,101.0,101.03,212.86,24.5,689.34,140.51,59.74,51.14,62.7,45.39
2022-06-13,13.91,17.47,24.7,10.76,5.44,4.23,6.04,4.16,18.93,51.06,12.65,33.61,5.29,55.88,213.35,222.91,16.99,31.32,177.01,11.61,19.68,3.66,28.61,18.3,28.63,31.56,9.96,172.51,14.65,11.76,28.32,17.95,42.1,25.18,21.52,11.7,22.24,19.29,31.15,6.25,53.39,199.7,20.7,8.07,45.2,17.0,46.38,33.13,61.7,12.82,37.9,15.55,38.33,5.63,44.98,164.8,59.65,51.6,265.04,52.2,12.02,34.24,100.54,137.0,117.86,33.35,16.67,21.87,37.35,348.8,4.62,20.56,4.72,6.01,27.3,49.86,53.59,9.51,86.86,232.0,262.0,74.65,92.41,146.5,28.87,2.79,17.26,99.58,36.87,89.45,23.68,89.05,66.6,44.81,30.61,90.84,89.89,59.84,91.73,28.38,35.19,10.19,62.74,101.7,124.64,19.08,46.63,46.99,39.22,77.17,251.5,443.03,382.1,125.55,297.44,162.62,189.9,61.75,517.22,128.5,197.01,72.67,46.28,7.77,47.3,2.16,6.1,5.06,3.84,5.99,6.52,7.24,4.17,6.19,20.27,17.58,38.57,14.83,3.46,6.36,49.77,27.5,17.63,41.5,4.54,121.04,19.8,23.12,16.59,16.05,42.09,42.8,3.68,31.3,85.01,30.76,23.23,10.27,18.6,11.26,33.31,29.93,311.58,53.58,45.61,7.47,1856.0,18.89,42.02,24.32,35.51,19.23,90.55,3.69,9.37,43.12,23.6,22.64,66.87,59.16,142.5,3.73,276.7,9.47,53.6,10.18,37.07,41.48,23.28,6.27,7.63,6.58,13.45,64.43,9.69,16.22,14.05,6.62,11.3,60.74,45.73,23.68,33.73,55.14,9.37,10.0,9.39,23.51,19.9,4.47,7.76,14.78,4.59,21.47,6.43,8.28,16.7,3.0,44.14,4.8,4.91,28.69,8.32,6.82,6.1,4.67,5.08,21.29,3.5,25.14,38.44,5.13,5.32,7.77,13.89,11.04,3.75,5.04,16.47,156.5,8.97,15.71,4.62,3.13,6.48,17.34,5.89,43.0,2.38,35.55,11.35,9.23,178.31,11.02,10.12,6.5,3.28,14.63,5.96,21.22,6.77,3.21,3.65,41.62,4.68,27.71,44.15,55.2,132.29,141.02,93.0,114.14,78.52,334.88,46.69,129.22,107.42,162.26,72.6,85.02,74.47,116.08,74.85,48.76,133.69,5.72,142.25,106.17,62.93,125.07,97.98,104.17,206.17,24.23,670.73,140.9,59.2,50.62,60.2,45.74
2022-06-14,14.12,17.75,24.77,10.7,5.52,4.27,6.1,4.36,19.38,51.43,12.84,33.53,5.35,55.65,213.7,226.45,18.69,31.64,175.35,12.12,19.71,3.69,28.34,19.2,28.63,30.9,10.96,173.8,15.14,11.76,28.8,17.68,41.35,24.4,21.57,11.87,22.86,19.14,30.99,6.22,53.69,196.0,21.22,8.16,44.82,16.42,45.51,33.76,59.5,12.72,37.96,15.62,36.9,5.73,44.7,166.75,59.94,50.88,250.1,51.94,11.88,34.25,99.18,134.87,115.81,33.05,16.81,21.66,38.14,343.59,4.65,20.65,4.74,5.89,28.37,53.16,54.3,9.85,85.94,230.19,259.18,74.69,91.47,149.0,28.9,2.81,17.23,100.81,36.84,92.59,24.54,89.89,66.08,44.41,30.18,89.15,88.03,59.78,92.55,28.27,35.25,10.25,62.97,100.31,131.51,19.8,47.5,46.97,39.56,76.5,243.5,441.82,376.0,83.0,297.99,143.95,183.82,60.21,532.9,124.42,199.04,74.41,46.21,7.87,47.66,2.17,6.15,5.14,3.89,6.03,6.63,7.21,4.24,6.24,21.11,18.24,39.24,15.14,3.47,6.67,49.2,27.68,18.28,41.57,4.58,122.4,19.84,23.21,16.72,16.13,43.35,42.73,3.69,31.62,86.4,30.77,23.79,10.42,18.81,11.66,32.09,29.98,316.79,53.6,44.03,7.43,1871.0,18.52,42.18,24.12,36.18,19.28,91.95,3.78,9.62,43.38,24.1,23.93,65.41,57.42,141.67,3.8,280.3,9.81,53.93,10.39,37.76,39.74,24.0,6.34,7.98,6.78,13.77,64.19,10.16,16.36,14.86,6.67,11.53,59.33,45.5,26.05,34.51,57.9,9.32,10.36,9.38,24.13,20.23,4.5,7.8,15.3,4.63,21.81,6.52,9.11,17.18,3.02,45.22,5.08,4.98,29.83,8.3,7.27,6.21,4.72,4.97,21.81,3.51,26.23,41.23,5.2,5.38,7.91,14.41,10.75,3.75,5.12,18.12,164.45,9.01,16.03,4.68,3.19,6.55,17.47,6.21,41.19,2.39,33.99,12.24,9.61,181.01,11.4,10.01,6.95,3.36,14.63,6.01,22.07,6.83,3.23,3.65,43.7,4.73,27.34,44.25,53.4,124.36,140.07,94.5,125.55,79.8,333.0,47.45,130.0,109.26,158.92,74.38,83.08,72.08,117.03,73.95,49.29,131.53,5.79,143.22,104.0,59.9,121.2,94.81,100.87,198.06,24.1,673.98,140.3,59.29,49.62,57.24,45.66
2022-06-15,14.74,18.34,25.59,10.7,5.66,4.68,6.15,4.46,18.52,54.44,12.75,32.9,5.37,57.73,218.3,226.99,18.62,32.35,185.17,11.65,19.62,4.02,28.5,20.0,30.02,30.71,10.94,177.28,15.08,12.08,28.73,19.45,40.33,25.3,21.7,12.35,23.09,20.29,31.4,6.39,55.26,194.03,20.98,8.12,44.66,16.22,44.83,34.61,59.14,12.61,38.35,16.15,37.26,5.79,45.77,168.56,59.84,51.55,255.5,51.88,12.11,35.59,95.71,135.45,117.68,33.08,16.74,21.9,39.03,335.0,4.79,20.66,4.8,6.09,27.93,51.45,53.62,10.2,94.53,225.79,261.0,75.16,92.08,143.86,28.92,2.82,17.69,97.65,37.6,100.45,25.3,93.2,64.25,45.3,29.89,88.85,86.72,60.12,92.01,28.8,34.88,10.64,60.49,100.5,126.5,19.78,48.13,46.57,40.22,75.8,248.65,465.66,383.01,82.68,300.17,141.79,193.8,61.91,523.01,119.01,199.56,76.2,47.75,8.03,47.6,2.14,6.11,5.22,3.9,6.06,6.68,7.15,4.2,6.27,21.87,18.3,40.48,15.87,3.57,6.83,49.57,27.11,18.25,40.31,4.59,125.88,20.08,23.4,16.71,16.5,41.81,42.99,3.7,32.6,92.19,30.9,23.52,10.54,18.79,11.97,31.88,30.9,324.33,52.49,45.58,7.53,1875.1,18.72,43.86,25.26,36.88,19.9,91.54,3.85,9.88,42.99,24.5,23.67,66.88,57.42,142.07,3.72,286.01,10.09,54.87,10.42,38.07,40.38,23.67,6.32,8.15,6.83,14.03,63.66,10.55,16.36,15.37,6.71,11.62,58.5,46.5,28.22,33.7,58.56,9.34,10.22,9.64,24.61,20.72,4.53,7.99,15.67,4.8,21.37,6.6,10.02,17.29,3.03,47.65,5.36,5.0,32.25,8.36,7.84,6.43,4.73,5.06,23.4,3.62,28.85,39.44,5.27,5.53,8.33,14.82,10.84,3.82,5.24,19.93,160.91,9.29,15.72,4.69,3.23,6.65,17.34,6.13,40.08,2.41,33.97,12.32,9.95,181.98,11.25,9.98,7.09,3.4,15.35,6.05,22.15,6.92,3.23,3.72,43.97,4.82,27.61,44.63,55.42,121.6,144.66,95.63,121.0,81.25,334.0,48.91,132.0,110.45,161.24,72.0,81.9,71.49,124.0,74.7,49.67,130.6,5.82,140.2,105.0,59.43,120.7,96.23,101.52,200.23,24.03,663.1,138.5,58.7,51.32,55.25,45.47
2022-06-16,14.44,18.18,25.58,10.55,5.56,4.5,6.08,4.32,18.0,53.83,12.53,33.0,5.46,57.89,218.15,227.27,18.58,32.0,191.68,11.24,19.45,3.9,28.5,18.7,29.38,29.69,10.39,177.6,15.71,11.94,29.64,19.05,41.27,25.51,21.35,12.3,22.99,21.2,30.99,6.34,54.87,196.14,21.88,7.95,45.0,15.93,46.43,34.47,59.85,12.64,38.56,16.06,37.35,5.9,45.15,167.72,57.95,52.04,261.6,52.1,12.07,35.09,97.0,131.97,114.75,33.28,16.26,22.86,27.83,336.0,4.77,20.24,4.91,6.7,26.94,53.44,54.96,10.24,95.05,229.5,264.1,75.41,92.89,145.86,29.18,2.8,17.94,95.5,37.95,95.38,24.19,94.22,64.9,45.46,29.94,90.7,90.11,61.86,93.4,29.11,35.93,10.67,61.51,104.5,124.4,20.55,48.82,48.49,40.8,75.08,255.0,460.3,393.68,84.5,304.0,147.82,192.46,61.86,535.6,118.3,208.22,74.46,47.7,7.92,47.9,2.12,6.39,5.18,3.89,5.96,6.56,7.04,4.14,6.39,20.82,17.92,39.96,15.59,3.52,6.6,51.3,26.75,17.87,40.23,4.6,122.91,20.14,23.93,16.49,16.41,39.27,42.49,3.63,32.61,90.25,31.37,22.86,10.38,18.57,11.81,32.49,30.23,325.97,53.63,46.59,7.48,1877.0,18.73,41.76,25.37,36.53,20.17,90.15,3.8,9.88,42.55,24.47,22.77,68.8,57.02,147.0,3.69,283.0,9.8,54.52,10.41,38.06,40.99,23.23,6.25,7.95,6.72,13.68,63.45,10.03,15.96,14.56,6.62,11.26,59.95,47.5,26.02,32.4,56.89,9.46,10.0,9.58,24.14,19.41,4.48,7.87,15.19,4.65,20.5,6.55,9.34,16.83,3.0,46.5,5.02,4.96,30.74,8.51,7.19,6.32,4.7,5.03,22.56,3.54,27.96,38.61,5.21,5.45,8.09,14.3,10.7,3.77,5.17,18.49,158.0,9.14,15.25,4.66,3.17,6.58,16.72,5.92,40.77,2.38,34.19,11.37,9.64,182.0,10.69,9.9,6.84,3.34,14.94,6.0,22.03,6.85,3.23,3.72,41.62,4.79,27.7,45.02,56.57,127.11,145.07,95.68,123.3,81.2,342.45,49.21,135.92,111.1,161.6,73.05,85.48,74.55,126.47,76.3,50.11,131.15,5.82,144.99,112.0,60.15,120.92,101.3,103.5,207.07,24.08,660.9,143.32,59.11,52.38,59.56,44.86
2022-06-17,14.45,18.15,25.7,10.66,5.52,4.47,6.04,4.31,17.85,54.76,12.64,34.36,5.39,58.3,223.0,228.4,18.92,32.65,210.85,11.71,19.37,3.88,28.51,18.5,29.28,30.31,10.68,181.18,15.62,12.03,29.9,18.95,42.21,25.06,21.46,12.21,23.2,21.36,30.95,6.38,56.22,197.39,22.96,8.0,45.42,16.28,46.79,34.08,60.1,13.23,38.63,16.0,37.02,5.88,45.4,169.72,57.6,51.9,256.61,52.73,12.15,34.55,70.87,140.2,119.02,33.27,16.21,22.67,29.02,338.0,4.79,20.61,4.8,6.44,27.52,57.68,54.85,10.09,95.05,239.9,267.79,75.5,93.49,148.39,28.76,2.79,18.23,100.12,40.0,95.75,24.43,97.17,64.95,47.29,30.86,90.35,90.47,63.14,97.45,29.79,35.64,10.77,62.0,103.59,127.93,20.36,50.47,55.28,41.95,74.84,256.25,486.06,432.1,86.6,307.59,151.03,195.6,62.81,555.0,129.33,214.0,74.49,48.19,7.97,47.98,2.13,6.35,5.18,3.91,5.93,6.43,7.0,4.12,6.52,20.82,17.99,39.85,15.58,3.53,6.59,52.12,28.15,17.89,40.93,4.64,126.96,19.36,24.04,16.53,16.62,39.1,43.42,3.62,33.37,95.16,30.56,22.97,10.3,18.5,11.74,32.95,30.44,338.32,54.5,45.93,7.61,1951.0,19.21,42.78,25.29,37.1,20.19,91.56,3.79,9.4,42.45,24.99,23.13,67.1,56.93,159.98,3.78,287.88,9.78,54.5,10.54,38.29,40.96,23.6,6.25,7.88,6.7,13.6,62.8,9.96,15.97,14.52,6.65,10.75,60.85,47.9,27.27,32.56,56.98,9.78,10.01,9.69,24.02,19.39,4.5,7.9,15.16,4.64,20.73,6.57,10.27,17.21,3.01,47.03,5.06,4.97,31.05,8.37,7.19,6.31,4.75,4.99,22.89,3.49,28.4,39.1,5.19,5.43,8.09,14.3,10.76,3.75,5.17,17.05,156.31,9.12,15.15,4.69,3.18,6.55,16.83,5.83,41.04,2.38,35.24,11.12,9.68,190.39,10.6,9.88,6.83,3.34,14.99,6.01,24.23,6.81,3.23,3.74,42.39,4.78,27.64,46.19,56.22,133.18,145.5,96.0,129.5,83.43,342.0,49.8,149.51,113.33,160.39,78.13,91.49,76.59,126.1,76.74,50.96,131.19,6.11,144.6,125.32,59.24,121.24,101.1,106.88,205.2,23.98,673.13,148.29,58.55,52.18,60.12,44.9
2022-06-20,14.34,18.58,25.52,10.79,5.7,4.47,6.11,4.27,17.59,57.06,12.58,34.0,5.4,59.12,227.12,236.4,19.14,32.96,213.81,10.89,19.56,3.88,28.6,18.68,31.6,29.92,9.73,183.49,15.81,12.52,29.42,19.17,44.2,25.13,22.04,12.45,23.46,22.86,31.55,6.5,57.21,193.1,25.0,7.96,46.5,16.01,47.0,33.78,61.05,13.93,42.49,16.1,36.68,6.1,47.71,174.99,58.8,52.3,262.5,54.04,12.34,35.22,70.0,141.49,117.82,33.19,16.07,23.01,28.59,342.18,4.79,20.47,4.81,6.39,26.74,58.98,55.93,10.06,101.97,242.15,270.61,77.82,94.2,149.37,29.19,2.79,18.37,101.25,40.96,96.01,24.51,103.69,66.01,48.19,31.3,93.05,93.19,65.14,99.26,30.05,36.83,10.91,61.3,107.06,126.62,20.52,50.06,54.58,42.99,73.89,258.0,506.52,439.4,88.0,313.34,181.24,209.72,63.61,569.01,127.24,213.0,76.01,48.26,7.91,49.85,2.1,6.99,5.13,3.91,5.95,6.41,6.86,4.07,6.71,20.72,18.58,39.7,16.06,3.49,6.54,52.51,26.62,17.93,40.56,4.84,130.25,19.28,25.12,16.91,16.64,35.74,43.44,3.6,33.46,93.0,30.8,22.72,10.39,18.31,12.43,32.66,29.96,340.1,54.25,46.48,7.57,1942.02,19.08,42.79,25.37,37.1,20.38,93.98,3.84,9.47,42.76,25.54,23.36,67.11,57.68,164.1,3.77,298.8,9.68,54.01,10.52,37.9,41.42,23.13,6.36,7.85,6.61,13.57,62.55,9.97,15.35,14.39,6.58,10.53,60.77,49.95,26.33,31.04,57.43,10.19,9.68,9.69,25.72,19.13,4.5,7.89,15.01,4.86,19.38,6.52,10.18,17.1,3.0,45.36,5.05,4.95,31.01,8.38,7.19,6.22,4.7,4.86,23.03,3.47,28.88,38.94,5.14,5.48,8.09,14.19,10.88,3.75,5.2,16.64,154.75,9.13,14.08,4.69,3.16,6.52,16.53,5.45,42.69,2.38,36.13,10.99,9.62,197.0,9.73,9.59,6.82,3.33,14.99,5.99,25.25,6.78,3.22,3.72,42.23,4.76,28.08,45.54,58.18,132.78,147.38,97.9,126.96,83.7,355.03,50.37,149.28,115.0,168.02,83.69,91.18,76.34,136.2,78.61,52.89,133.35,5.76,145.73,126.61,58.41,120.4,98.3,104.05,201.45,23.32,661.01,149.14,57.71,55.59,63.52,45.68
2022-06-21,14.37,18.58,25.49,10.48,5.7,4.47,6.08,4.28,17.02,57.29,12.52,32.24,5.4,58.28,228.0,228.88,20.2,33.18,214.99,10.94,19.9,3.88,27.7,18.54,31.9,29.4,9.39,181.66,15.68,12.41,29.14,18.74,43.01,25.41,21.77,12.54,22.84,21.51,32.15,6.53,56.3,189.23,24.3,7.86,45.61,15.85,46.65,33.88,60.8,13.69,42.76,16.2,37.88,6.02,47.74,173.79,60.05,52.15,266.05,54.79,12.2,36.28,72.4,136.65,114.39,33.88,15.8,22.72,28.0,341.0,4.82,20.5,4.86,6.06,25.98,57.57,55.8,10.1,105.0,248.99,266.2,77.2,93.19,146.44,30.01,2.81,18.37,100.3,40.77,94.9,24.19,101.04,66.25,47.91,30.82,90.52,87.87,63.8,100.18,30.42,36.41,11.18,64.2,103.11,123.8,20.86,49.09,53.27,42.6,73.39,256.58,507.85,419.16,88.88,315.35,185.21,201.47,62.54,563.09,124.0,209.57,75.8,47.47,7.97,50.09,2.23,7.22,5.16,3.92,5.86,6.33,7.01,4.07,6.68,21.01,18.58,40.33,16.27,3.49,6.53,51.0,26.31,17.8,37.21,4.77,133.3,18.86,24.44,16.93,16.68,36.19,44.04,3.54,33.01,93.1,30.68,22.38,10.31,17.84,12.45,32.68,29.56,337.0,53.26,46.01,7.43,1945.74,18.77,45.2,25.24,34.52,20.19,93.8,3.86,9.41,42.15,25.86,23.23,66.38,56.42,163.41,3.96,296.55,9.69,54.86,10.54,37.74,39.98,23.15,6.39,7.77,6.7,14.06,63.19,9.94,14.9,14.41,6.6,10.67,60.95,49.74,26.36,31.18,56.52,10.11,9.58,9.72,25.39,19.38,4.53,7.89,15.08,5.15,19.73,6.53,9.94,16.73,3.01,46.13,5.21,5.0,31.58,8.35,7.12,6.22,4.76,4.77,23.38,3.45,30.1,38.32,5.27,5.54,7.96,14.46,10.72,3.75,5.19,16.78,153.71,9.28,14.17,4.76,3.19,6.52,16.86,5.44,41.2,2.39,35.86,11.14,9.64,197.43,9.86,9.43,6.8,3.36,13.91,6.03,24.37,6.89,3.25,3.72,41.62,4.78,27.72,45.01,57.82,129.59,146.79,97.68,119.33,84.0,356.0,50.04,145.78,118.01,163.82,81.55,89.51,74.66,141.99,76.81,52.17,130.4,5.7,150.15,119.4,57.3,121.28,96.29,106.88,200.0,23.13,671.06,147.52,57.12,54.94,64.34,45.16
2022-06-22,14.08,18.3,24.95,10.13,5.63,4.37,5.95,4.19,17.26,56.0,12.15,32.31,5.29,57.61,225.06,227.48,19.75,32.12,209.0,10.63,19.13,3.82,27.43,18.17,31.19,28.9,9.33,178.07,15.92,12.13,28.99,18.53,42.42,24.53,21.16,12.3,22.6,21.56,30.78,6.27,54.26,182.1,24.31,7.63,45.61,15.38,46.5,33.06,58.6,13.7,41.19,15.68,34.09,5.94,46.0,169.69,60.6,50.11,254.3,53.6,11.95,35.06,74.94,135.6,114.96,32.13,15.59,21.79,27.23,339.88,4.67,19.85,4.73,5.87,25.62,60.57,57.25,9.4,98.47,254.05,259.47,74.65,91.12,149.81,28.3,2.79,18.03,100.88,41.09,94.52,23.8,99.75,64.38,46.99,32.58,87.34,93.57,65.83,97.68,29.3,33.97,10.6,64.4,99.31,128.0,22.01,48.53,54.64,41.6,71.65,165.0,507.0,436.0,87.7,312.12,197.8,192.11,61.4,547.24,125.1,207.3,73.79,46.61,7.92,49.17,2.45,7.22,5.11,3.9,5.82,6.23,7.01,4.03,6.74,20.76,18.01,39.31,16.04,3.46,6.44,51.17,26.05,17.56,35.63,4.77,130.88,19.16,24.08,16.68,16.31,35.23,44.6,3.45,32.64,91.02,30.68,22.27,10.16,17.63,12.22,26.46,28.57,332.6,54.65,44.19,7.38,1936.0,18.44,43.17,24.5,33.74,19.46,92.87,3.77,9.04,41.81,25.43,23.21,63.8,55.37,157.8,3.89,293.06,9.54,53.83,10.51,37.44,39.21,23.2,6.28,7.61,6.61,13.85,61.35,9.7,14.68,14.12,6.57,10.58,61.35,49.86,27.18,30.73,55.19,10.1,9.35,9.55,24.67,19.1,4.51,7.79,14.88,4.98,19.39,6.48,9.46,16.43,3.01,45.4,5.09,4.97,31.42,8.15,6.99,6.13,4.75,4.7,23.23,3.41,29.92,37.99,5.16,5.43,7.92,14.29,10.39,3.73,5.12,16.07,155.01,9.06,13.8,4.74,3.18,6.45,16.71,5.32,41.22,2.36,35.33,10.71,9.42,192.3,9.69,9.25,6.7,3.31,13.74,6.0,23.7,6.74,3.23,3.72,41.25,4.74,27.29,44.5,56.32,130.04,145.85,93.75,119.35,82.47,350.99,49.21,147.12,109.5,154.53,81.67,90.89,74.31,135.25,77.0,50.2,126.61,6.12,145.8,121.31,55.72,114.88,92.3,102.93,191.28,22.35,625.35,145.84,55.71,52.51,65.29,44.35
2022-06-23,14.2,18.57,25.16,10.41,5.66,4.43,6.0,4.29,17.62,55.99,12.61,32.61,5.34,58.12,226.39,228.01,21.73,32.25,207.7,10.61,20.17,3.87,28.99,18.77,32.18,29.33,9.78,180.4,15.82,12.2,28.97,18.94,42.23,25.05,21.19,12.7,22.7,21.8,31.54,6.3,54.61,191.5,26.02,7.7,47.44,15.42,46.65,33.39,60.94,13.84,41.39,15.84,32.59,5.94,46.8,170.7,60.95,49.7,264.8,55.8,12.52,35.32,76.0,137.65,119.03,32.15,15.42,22.1,27.23,353.5,4.74,20.25,4.78,6.02,25.78,60.88,57.29,9.59,100.6,263.27,255.56,75.02,92.0,153.96,28.13,2.79,18.12,107.0,41.05,97.82,24.88,98.9,68.05,47.15,34.99,93.45,92.35,67.29,98.01,29.34,33.16,10.73,68.18,104.2,141.83,22.05,49.35,56.11,41.96,72.68,167.98,536.97,448.7,87.06,310.66,200.6,204.45,63.01,560.33,126.35,212.01,73.32,47.11,7.97,49.19,2.45,7.26,5.15,3.93,5.86,6.27,6.94,4.07,6.75,21.77,18.26,40.14,16.57,3.48,6.46,52.65,25.83,18.36,34.84,4.83,130.46,19.51,24.27,16.81,16.69,36.07,43.64,3.5,32.93,91.87,31.24,21.99,10.18,17.78,12.72,27.97,29.03,336.8,55.18,45.56,7.43,1957.1,18.62,45.01,24.95,33.88,19.96,93.27,3.81,8.92,43.91,25.48,24.89,64.39,58.98,157.5,3.78,300.28,9.8,55.09,10.46,37.6,42.99,23.1,6.32,7.82,6.63,13.94,60.96,10.06,14.69,14.52,6.59,10.59,61.8,52.0,29.9,31.36,58.0,10.16,9.6,9.67,25.1,19.3,4.54,7.82,15.23,5.17,19.92,6.51,9.51,17.5,3.02,46.25,5.16,4.97,32.5,8.32,7.15,6.16,4.77,4.76,23.76,3.44,31.35,40.41,5.17,5.52,7.99,14.65,10.64,3.74,5.17,16.66,167.2,9.1,13.85,4.79,3.21,6.51,16.73,5.4,41.4,2.37,37.2,11.42,9.67,199.5,9.99,9.3,6.84,3.34,13.73,6.04,26.07,6.73,3.25,3.73,43.04,4.8,27.54,44.91,58.45,132.99,145.85,94.46,116.29,83.09,377.05,49.3,146.71,109.94,155.6,81.9,91.76,74.05,135.37,76.0,49.96,128.22,5.98,147.5,126.95,56.75,117.02,88.18,102.92,197.95,22.6,635.0,148.43,56.84,54.07,65.05,44.5
2022-06-24,14.23,18.34,24.9,10.72,5.73,4.48,5.97,4.26,18.58,57.8,12.59,32.82,5.33,58.14,230.0,230.37,22.35,33.9,211.15,10.76,20.34,3.89,30.0,18.75,32.4,29.36,9.5,185.0,15.78,12.18,29.2,18.85,42.29,26.11,21.81,12.55,22.55,21.81,32.32,6.35,56.5,184.35,25.1,7.9,46.49,15.84,46.78,33.32,64.0,14.24,41.75,16.28,33.47,5.95,46.76,173.2,59.64,52.62,268.4,57.62,12.96,35.69,76.36,136.51,117.86,32.41,15.48,21.43,27.84,351.05,4.84,20.37,4.77,5.91,25.96,62.89,56.9,9.56,107.0,261.87,281.12,75.09,94.64,158.56,28.68,2.79,18.4,107.3,41.86,97.06,25.15,100.69,69.8,47.89,34.44,96.51,95.41,66.5,104.46,29.62,33.55,10.75,68.34,103.93,140.04,21.93,49.8,53.34,42.34,74.75,172.88,563.5,479.0,93.01,319.3,204.1,203.12,66.28,564.0,129.48,217.1,76.75,49.21,7.95,49.99,2.64,7.39,5.14,3.7,5.9,6.28,6.86,4.08,6.85,21.63,18.11,40.2,16.23,3.48,6.43,52.75,26.71,18.19,35.21,4.92,132.9,19.63,24.17,16.89,17.02,35.53,43.2,3.47,33.52,93.42,31.37,21.96,10.2,17.49,12.38,28.36,29.27,342.29,57.96,46.39,7.41,2009.01,18.63,45.25,25.24,33.96,20.14,95.59,3.78,8.9,44.09,26.62,25.4,70.83,59.48,158.96,3.74,302.8,9.76,55.63,10.35,38.0,45.11,23.37,6.27,7.76,6.53,13.96,60.54,10.49,14.63,14.54,6.56,10.59,64.35,52.48,28.65,31.2,57.76,10.24,9.36,9.75,24.79,19.19,4.53,7.77,15.2,5.37,19.82,6.5,9.41,17.46,3.01,46.76,5.2,4.95,32.51,8.4,7.13,6.08,4.74,4.74,23.44,3.43,31.77,39.91,5.15,5.43,7.83,14.48,10.96,3.74,5.17,16.62,172.09,9.02,13.64,4.89,3.21,6.54,16.35,5.34,41.36,2.37,37.28,11.27,9.66,201.12,9.8,9.2,6.8,3.32,13.67,6.01,26.66,6.7,3.25,3.73,44.2,4.77,27.96,46.79,58.61,136.5,150.98,102.67,124.14,84.18,374.92,49.65,150.28,111.39,159.58,86.72,89.61,77.78,137.95,77.15,50.77,132.0,5.75,149.88,134.06,56.88,117.2,89.8,105.7,196.27,22.77,641.0,136.24,57.32,54.57,67.92,45.05
2022-06-27,14.49,18.51,25.19,10.67,5.82,4.54,6.09,4.24,18.7,59.1,12.66,33.28,5.36,58.59,238.71,234.36,18.5,33.25,218.2,10.75,19.81,3.9,29.8,19.11,32.97,29.98,9.62,193.0,16.3,12.19,29.48,18.9,43.24,25.94,21.65,12.41,22.99,23.08,32.03,6.5,57.29,191.9,27.61,8.11,47.0,16.03,49.2,34.18,64.67,14.12,41.93,16.57,33.4,5.98,47.93,176.59,61.2,54.16,272.4,57.43,12.96,35.88,79.04,149.19,125.66,32.93,15.39,21.54,28.6,349.69,4.83,20.5,4.81,5.95,26.0,62.24,58.58,9.5,114.79,258.08,286.75,76.66,93.8,162.0,28.76,2.8,18.6,106.7,41.66,97.06,25.61,108.95,67.7,48.3,32.99,95.36,94.38,65.61,107.82,29.85,34.6,10.71,67.5,102.9,138.45,23.2,50.65,53.05,43.6,75.75,176.66,549.0,504.0,94.91,319.9,207.53,206.51,64.82,585.0,127.56,222.83,74.71,52.92,7.97,52.07,2.65,7.16,5.14,3.69,5.86,6.22,7.0,4.1,7.05,21.8,18.57,41.25,16.59,3.48,6.39,52.79,26.28,18.41,35.91,5.12,138.37,19.4,24.28,17.12,16.95,38.03,43.32,3.46,35.56,95.65,31.1,22.21,10.21,17.92,11.97,28.14,28.75,353.0,57.55,46.99,7.52,2010.55,18.83,45.69,25.8,34.33,20.35,99.65,3.85,9.27,43.28,27.3,25.11,73.29,59.0,162.35,3.72,319.5,9.76,56.0,10.31,38.7,46.4,23.31,6.14,7.7,6.79,14.34,60.32,10.4,14.92,14.56,6.55,10.79,64.58,54.78,28.8,32.42,59.95,10.63,9.67,9.77,24.97,19.36,4.53,7.78,15.17,5.13,20.76,6.53,9.34,17.78,3.01,46.8,5.13,4.96,32.31,8.31,7.12,6.04,4.71,4.8,23.55,3.44,31.45,40.95,5.2,5.42,7.96,14.47,11.1,3.74,5.19,16.24,170.35,9.07,14.04,4.85,3.21,6.55,16.96,5.39,39.96,2.37,37.17,11.37,9.66,214.4,10.23,9.29,6.75,3.32,13.83,6.0,25.95,6.71,3.25,3.73,46.77,4.75,28.75,46.58,58.94,134.0,151.39,103.46,120.48,87.3,376.99,50.06,150.85,115.82,165.2,86.96,93.74,75.32,140.83,80.79,51.2,133.38,5.98,164.87,131.63,58.25,116.06,88.7,106.31,201.63,22.58,655.98,140.99,57.0,54.34,67.49,45.2
2022-06-28,14.63,18.45,25.5,10.87,5.93,4.79,6.16,4.31,18.19,59.1,12.91,33.61,5.45,58.8,237.0,235.1,20.35,33.45,226.69,11.2,20.59,3.99,31.27,19.06,32.57,31.48,10.15,199.65,16.07,12.25,29.14,19.24,43.2,26.35,22.21,12.24,23.01,22.99,33.7,6.6,57.23,195.34,28.36,8.19,47.05,16.21,54.12,34.36,66.15,14.38,43.14,16.64,34.24,6.02,48.09,180.44,60.24,55.4,279.66,56.29,13.08,36.63,81.8,150.0,128.4,34.1,15.3,21.76,28.73,352.9,5.11,20.58,4.91,5.87,25.95,65.95,58.31,9.78,113.68,258.47,285.0,77.22,96.05,161.53,29.95,2.81,18.69,104.33,41.4,98.0,25.8,108.88,69.28,46.21,33.6,102.26,97.07,68.8,110.09,29.71,33.89,11.21,67.85,101.61,138.04,23.27,51.35,53.25,43.16,78.09,182.08,544.0,502.0,93.24,316.88,213.0,210.88,64.57,576.5,127.2,220.2,72.27,53.65,8.04,56.51,2.51,7.14,5.17,3.7,5.9,6.25,7.1,4.1,7.34,21.75,18.63,41.28,16.16,3.49,6.45,54.06,27.1,18.74,35.3,5.35,141.2,19.8,24.06,17.26,17.17,39.45,42.69,3.81,35.66,94.84,31.23,22.12,10.34,18.52,11.76,27.98,29.11,352.98,59.02,50.84,7.52,2036.0,18.83,45.7,26.7,34.41,20.25,100.0,3.85,9.28,43.4,27.01,25.06,80.62,60.75,165.42,3.77,317.6,9.85,55.87,10.61,38.8,46.15,23.11,6.46,7.79,7.01,14.58,60.1,10.48,15.09,14.61,6.56,10.93,67.6,56.9,29.09,32.84,60.38,11.3,9.55,9.9,24.22,19.47,4.53,7.83,15.26,5.04,21.29,6.55,9.4,17.53,3.01,46.9,5.1,4.97,32.13,8.48,7.17,6.05,4.73,4.95,23.38,3.47,30.42,42.18,5.28,5.41,7.96,14.46,11.49,3.75,5.24,16.5,167.19,9.17,14.12,4.92,3.19,6.6,16.61,5.36,39.16,2.38,37.29,11.37,9.72,222.88,10.42,9.36,6.8,3.33,14.22,6.02,26.73,6.88,3.25,3.77,45.41,4.74,28.8,46.72,61.67,136.8,152.86,102.15,121.2,87.09,381.21,49.63,150.15,113.66,174.01,88.8,98.91,71.45,139.5,80.09,52.38,139.98,5.9,160.11,134.65,58.91,121.14,90.63,106.91,196.2,23.32,628.95,137.86,59.68,55.05,68.9,46.06
2022-06-29,14.64,19.63,25.37,10.79,6.07,4.66,6.09,4.26,16.65,59.27,12.51,31.79,5.38,58.58,235.9,238.4,18.32,33.27,228.4,10.59,19.86,3.92,30.73,18.44,33.49,29.9,9.49,192.0,15.15,12.23,28.64,20.14,42.25,25.92,21.18,12.96,22.78,22.64,32.48,6.65,55.98,188.78,26.45,8.47,44.8,16.62,53.54,35.23,64.17,13.94,41.6,16.36,33.33,5.99,49.1,179.1,58.85,54.66,273.04,57.01,12.95,36.2,78.8,143.15,122.8,32.72,15.37,21.39,27.79,331.61,5.06,20.26,4.8,5.67,25.46,61.98,54.87,9.59,119.57,252.22,282.93,74.8,93.72,151.37,29.82,2.8,18.45,97.58,41.5,94.92,24.86,109.5,65.33,46.66,31.68,103.25,92.1,66.69,111.0,29.26,33.03,11.07,64.78,102.98,131.36,21.74,50.85,55.4,44.18,77.54,180.83,532.54,479.95,94.36,312.0,204.9,209.09,63.9,578.0,123.9,212.75,70.27,53.21,8.05,55.65,2.37,7.14,5.19,3.72,5.83,6.23,7.1,4.1,7.2,21.41,18.4,41.01,17.3,3.45,6.34,52.9,25.47,17.92,34.19,5.3,138.8,18.94,24.3,17.25,16.87,39.34,42.3,3.71,35.52,94.47,30.67,22.05,10.17,17.85,12.94,26.76,28.8,349.0,56.93,50.55,7.4,2030.0,18.56,44.27,26.95,34.66,22.28,102.29,3.99,9.27,41.46,26.82,23.62,78.65,59.38,163.6,3.92,315.94,9.76,55.21,10.59,38.05,44.65,23.15,6.34,7.64,6.98,14.8,61.0,10.13,14.7,14.37,6.58,11.14,64.16,56.2,28.27,32.97,60.07,11.42,9.47,9.84,25.31,19.66,4.54,7.89,15.12,4.8,21.37,6.56,9.11,15.78,3.02,46.79,5.03,4.99,31.72,8.49,7.03,6.12,4.77,4.76,23.33,3.47,30.51,38.01,5.32,5.53,7.99,14.13,11.38,3.74,5.19,15.75,162.57,9.5,13.94,4.99,3.02,6.62,16.41,5.31,37.68,2.39,35.34,11.26,9.55,219.05,10.4,9.2,6.7,3.34,13.89,6.05,25.63,6.81,3.26,3.7,43.81,4.76,28.42,47.27,60.35,141.81,152.1,101.43,115.27,86.5,376.0,49.12,153.71,114.9,168.0,83.13,95.0,64.61,144.28,81.92,53.61,136.64,5.72,170.58,126.0,58.98,116.15,88.38,107.1,196.75,22.77,608.0,136.78,58.5,55.4,66.55,45.16
2022-06-30,14.98,20.5,25.53,10.82,6.49,4.79,6.16,4.29,16.91,60.39,12.47,32.94,5.39,60.39,246.54,249.66,17.32,33.72,233.42,10.51,20.15,3.94,30.29,18.7,34.62,29.96,9.34,201.93,15.3,12.3,29.3,19.4,45.16,26.48,21.76,13.43,22.81,22.8,33.13,6.73,56.34,189.72,27.48,8.44,45.6,17.06,58.89,35.81,63.32,14.8,41.22,16.42,33.6,5.93,51.47,183.15,60.01,55.81,277.12,54.44,12.87,36.2,78.9,148.7,124.8,33.79,15.39,21.23,30.04,333.49,5.02,20.05,4.82,5.79,25.85,62.06,55.27,9.57,129.72,250.45,289.0,75.32,93.71,148.0,30.21,2.8,18.57,97.5,44.77,96.15,25.4,111.01,65.87,48.39,31.6,106.25,98.25,67.59,114.45,30.1,33.36,11.07,63.18,103.78,130.48,21.29,50.89,57.19,45.18,76.15,182.02,534.0,490.9,95.22,313.2,213.0,135.0,66.32,600.01,123.9,217.53,73.08,54.02,8.01,56.7,2.35,7.04,5.21,3.72,5.83,6.02,6.99,4.08,7.31,21.66,19.06,42.2,17.46,3.46,6.36,52.88,27.39,17.81,35.16,5.49,146.6,18.98,24.28,17.41,16.99,39.48,44.09,3.69,37.09,96.99,31.59,22.24,10.18,17.83,13.44,27.0,29.2,356.73,59.86,52.0,7.39,2045.0,18.56,43.54,27.0,35.28,21.71,103.92,3.96,9.44,41.81,27.46,23.0,85.11,60.45,174.44,3.91,324.8,9.81,54.6,10.5,38.95,45.51,23.12,6.29,7.65,7.12,14.98,60.5,10.21,14.65,14.41,6.59,10.42,66.63,58.35,28.91,33.3,61.72,11.61,9.41,9.84,25.43,19.9,4.54,7.9,15.2,4.88,21.18,6.55,9.13,15.24,3.02,46.69,5.06,4.98,32.19,8.52,7.05,6.14,4.77,4.75,23.53,3.5,31.08,37.04,5.39,5.32,7.87,14.2,11.31,3.73,5.2,15.76,171.0,9.28,13.95,5.02,3.01,6.27,16.58,5.3,38.1,2.37,35.78,11.38,9.67,232.93,10.38,9.33,6.71,3.32,13.9,6.06,25.37,6.86,3.26,3.71,44.49,4.75,29.02,47.97,61.93,155.99,152.91,103.99,117.96,90.36,385.9,51.0,155.3,121.89,173.03,84.4,95.62,65.52,150.68,82.55,56.08,142.21,5.73,170.86,129.44,60.58,116.75,89.23,111.8,197.12,22.98,616.7,142.18,59.07,55.8,65.25,45.17
2022-07-01,14.92,20.4,25.26,10.76,6.23,4.81,6.46,4.24,17.09,58.79,12.86,35.38,5.54,60.01,245.55,243.48,18.14,33.45,229.06,10.4,19.89,3.93,29.78,18.48,34.63,30.8,9.39,203.0,15.54,12.56,29.29,20.14,44.8,26.26,21.54,13.44,22.34,23.15,32.71,6.62,55.1,201.8,27.2,8.44,43.65,17.06,59.17,35.85,62.46,14.82,41.16,16.24,33.51,5.95,50.83,184.36,58.11,55.98,282.08,53.22,12.75,35.8,75.05,156.97,133.0,34.11,15.22,20.86,31.5,329.2,4.98,19.87,4.76,5.6,26.0,62.78,55.99,9.47,126.84,246.5,284.03,73.8,93.59,149.79,30.21,2.8,18.79,95.72,43.65,95.08,25.21,113.96,64.85,48.55,29.27,101.56,95.94,65.5,115.3,29.51,32.9,11.14,63.35,101.1,134.17,21.74,50.5,55.97,44.65,73.05,181.8,522.64,476.2,95.74,312.04,213.0,140.76,70.32,590.96,124.5,210.0,68.04,54.28,7.99,54.15,2.49,7.15,5.19,3.71,5.83,6.18,7.15,4.08,6.98,21.34,19.84,41.38,17.52,3.47,6.28,49.01,27.67,17.46,35.0,5.17,144.96,18.56,23.95,17.42,17.02,39.4,46.0,3.6,38.94,96.59,30.94,22.04,10.25,17.72,13.1,27.08,29.01,350.78,59.66,51.03,7.29,2029.05,18.28,43.0,26.78,35.56,22.1,102.58,3.9,9.34,40.84,27.0,22.65,82.1,61.68,170.97,3.98,312.15,9.72,53.6,10.7,38.44,45.44,24.32,6.33,7.55,7.18,14.86,60.84,10.04,14.8,14.27,6.61,10.29,64.89,56.63,28.44,33.12,62.86,11.1,9.63,9.78,24.86,19.9,4.54,7.94,15.1,4.8,21.76,6.55,9.19,15.76,3.01,46.31,5.02,4.99,32.04,8.44,6.96,6.28,4.77,4.74,23.46,3.53,31.0,37.23,5.35,5.47,7.86,14.03,11.28,3.72,5.17,15.37,165.0,9.24,13.65,4.9,3.01,6.31,16.36,5.27,36.77,2.38,35.31,11.22,9.55,225.11,10.34,9.47,6.66,3.3,13.88,6.08,25.0,6.97,3.26,3.69,43.56,4.74,28.45,47.04,68.12,163.5,155.55,102.8,122.06,90.4,380.84,50.6,155.44,124.45,173.35,83.01,97.08,65.15,148.71,83.43,54.65,138.85,5.71,166.3,130.84,60.24,116.26,90.26,116.58,194.2,22.88,607.4,139.43,57.93,54.64,59.7,44.81
2022-07-04,14.94,20.21,25.12,10.61,6.01,4.72,6.45,4.24,17.56,59.97,12.69,36.66,5.51,61.13,242.55,245.76,17.89,33.64,236.1,10.42,20.15,3.89,30.28,18.31,34.9,31.67,9.22,201.04,17.09,12.59,30.36,20.12,49.0,26.23,21.93,13.34,22.84,24.19,32.07,6.74,56.34,209.77,27.75,8.54,46.48,17.25,59.18,35.15,65.1,15.16,42.33,16.21,33.05,6.09,51.8,183.0,61.84,55.98,266.11,54.0,12.87,35.59,75.06,110.33,141.7,32.6,15.36,20.87,32.79,336.16,5.0,20.93,4.71,5.9,26.0,66.0,61.59,9.49,122.2,251.94,304.5,75.51,91.42,152.85,28.96,2.88,19.23,96.54,44.66,94.79,25.65,118.88,65.75,50.39,30.86,99.47,93.34,68.75,121.89,28.67,33.0,10.96,63.2,104.38,133.61,24.31,50.87,56.8,46.26,72.69,175.77,522.0,485.41,102.0,335.0,225.46,133.55,80.75,602.69,126.82,219.07,72.21,55.04,7.96,53.7,2.41,7.52,5.17,3.7,5.83,6.17,7.2,4.1,6.78,21.44,19.83,41.05,17.42,3.46,6.27,51.13,29.26,17.22,35.02,5.18,143.09,19.23,24.86,17.3,16.85,38.79,48.24,3.7,41.17,96.2,31.68,22.01,10.28,17.72,13.16,27.95,28.87,353.44,65.63,49.11,7.37,2018.0,18.44,46.02,26.3,36.0,21.75,104.17,3.86,9.28,41.8,27.18,22.21,77.36,63.41,179.38,4.06,308.9,9.72,54.23,10.92,37.82,48.17,24.35,6.44,7.58,7.23,14.92,60.32,10.06,14.88,14.26,6.65,10.18,64.37,55.25,28.21,33.4,63.0,10.74,9.7,9.76,24.5,19.67,4.53,7.95,15.15,4.75,22.02,6.57,9.34,15.59,3.02,46.46,5.03,4.97,31.63,8.42,6.98,6.2,4.77,4.72,23.35,3.52,30.52,36.14,5.32,5.41,7.71,14.09,11.26,3.73,5.17,15.52,165.92,9.09,13.95,4.9,3.0,6.31,16.38,5.31,37.2,2.37,36.26,11.26,9.56,226.12,10.28,9.36,6.68,3.29,13.93,6.09,25.82,7.13,3.29,3.71,44.05,4.74,29.08,49.23,66.6,162.01,158.78,109.11,124.62,90.65,376.9,49.69,163.18,122.95,164.15,89.13,96.65,63.99,146.18,88.45,54.28,130.19,5.63,165.99,134.54,56.47,110.95,88.1,121.4,190.49,22.0,605.5,140.78,54.93,55.72,60.34,44.11
2022-07-05,14.91,20.04,24.88,10.26,5.94,4.69,6.34,4.2,16.99,59.54,12.43,37.36,5.49,60.84,244.0,242.75,17.17,33.17,234.23,10.61,20.07,3.86,31.03,17.78,33.72,32.2,9.09,198.61,17.36,12.64,29.82,19.7,47.52,25.85,22.1,13.11,22.86,23.92,31.61,6.77,55.41,209.56,27.89,8.6,46.05,17.23,60.89,35.15,64.58,15.17,43.97,16.15,32.36,6.06,46.63,182.5,61.22,56.44,274.6,53.48,12.62,36.29,75.0,109.85,147.17,31.11,15.23,20.42,31.83,333.89,4.95,21.32,4.75,5.77,26.14,66.75,63.5,9.41,118.52,256.07,309.53,73.0,90.38,147.11,28.62,2.9,18.87,94.4,44.65,92.87,25.23,119.93,64.69,50.09,30.4,97.91,87.93,68.99,126.51,27.72,32.01,10.87,62.7,100.65,131.95,24.45,50.6,53.6,45.73,72.49,180.37,523.87,495.38,107.0,335.4,217.79,131.05,78.42,604.61,129.99,215.0,72.37,54.09,7.98,53.45,2.44,7.84,5.17,3.68,5.92,6.35,7.08,4.12,6.81,21.16,19.4,40.98,17.01,3.44,6.19,51.03,30.72,17.31,34.01,5.15,141.66,19.1,25.35,17.23,16.56,40.19,47.73,3.64,40.51,96.74,31.36,21.95,10.6,17.83,12.86,28.3,29.39,351.66,67.75,48.9,7.36,2033.01,18.31,45.09,26.19,35.89,21.04,101.52,3.83,9.0,41.1,26.59,21.81,78.25,62.0,179.68,4.13,306.24,9.67,53.37,10.9,37.38,48.1,24.24,6.44,7.47,7.19,14.76,58.42,9.7,15.29,14.13,6.68,10.2,64.15,54.42,27.93,34.4,59.4,10.71,10.07,9.69,24.12,19.7,4.53,7.99,15.08,4.76,22.9,6.55,9.15,15.32,3.03,46.61,5.01,4.98,32.01,8.26,6.86,6.34,4.8,4.8,23.37,3.57,30.84,35.13,5.36,5.43,7.73,13.96,11.18,3.71,5.16,15.41,158.46,9.2,14.02,4.94,3.0,6.28,16.7,5.4,36.9,2.38,38.1,11.08,9.51,220.91,10.86,9.35,6.63,3.28,14.22,6.11,24.95,7.15,3.3,3.69,44.6,4.77,27.96,48.4,66.24,178.21,156.25,113.48,122.08,90.17,377.68,48.8,162.21,121.86,161.49,87.36,99.79,63.18,138.92,88.32,53.62,130.57,5.62,161.5,141.9,56.0,111.1,86.61,114.61,182.9,22.0,599.15,137.05,55.27,53.15,61.04,44.3
2022-07-06,14.53,19.47,24.67,10.2,5.82,4.6,6.27,4.17,16.71,59.28,12.14,36.9,5.38,59.52,235.34,234.31,17.56,32.81,224.3,10.05,19.73,3.86,30.26,17.56,32.96,32.4,9.02,194.74,16.92,12.4,28.95,19.7,45.0,25.5,22.1,12.8,21.8,23.44,31.18,6.56,54.48,208.95,27.2,8.37,45.17,16.74,59.8,34.2,63.9,15.05,43.76,15.77,32.42,5.97,47.39,179.73,60.34,54.53,294.0,53.4,12.53,34.95,75.59,114.01,143.83,30.86,14.82,20.2,30.09,336.1,4.89,21.0,4.63,5.63,25.15,64.66,61.19,9.33,115.05,253.7,312.74,72.52,92.9,149.0,29.4,2.86,18.46,96.45,43.48,91.98,24.67,113.37,63.6,49.08,30.59,97.15,92.45,68.94,127.45,27.7,31.44,10.69,60.07,99.8,132.96,23.98,50.15,53.12,44.53,74.94,186.95,522.0,499.53,105.67,324.0,216.74,134.2,78.71,576.05,127.75,209.81,71.0,53.1,7.9,52.2,2.37,7.9,5.12,3.67,5.71,6.23,7.15,4.07,6.62,20.92,18.68,39.8,16.2,3.43,6.14,50.0,29.13,17.15,33.09,5.08,134.88,18.69,24.83,16.28,16.59,37.28,48.28,3.5,39.42,93.6,30.62,21.72,10.41,17.15,12.54,27.89,28.23,345.01,65.38,50.18,7.19,2002.0,18.0,44.51,26.69,34.96,20.85,98.18,3.76,8.8,41.45,26.62,22.06,77.49,61.48,168.18,4.08,298.2,9.55,53.21,11.1,37.02,48.03,24.06,6.46,7.4,7.06,14.56,58.9,9.52,14.31,14.02,6.63,10.01,63.5,53.35,27.84,32.35,55.66,10.24,10.29,9.61,23.36,19.39,4.52,7.85,14.98,4.62,21.49,6.55,9.19,15.8,3.02,45.85,4.95,4.97,31.48,8.11,6.83,6.18,4.78,4.63,23.15,3.47,30.5,35.63,5.33,5.35,7.52,13.81,11.09,3.7,5.09,15.63,161.73,8.89,13.39,4.83,2.97,6.26,16.47,5.22,37.51,2.34,38.0,10.95,9.41,209.49,10.04,9.04,6.77,3.25,13.92,6.08,26.52,6.92,3.29,3.65,43.9,4.72,27.86,48.01,69.81,171.65,155.9,113.04,115.17,90.0,384.7,47.06,163.0,117.05,163.18,86.98,93.34,63.41,136.47,84.5,52.89,131.28,5.27,163.95,141.68,56.77,126.42,85.13,116.5,183.07,22.23,558.01,134.92,56.87,52.76,64.3,43.56
2022-07-07,14.42,19.19,24.69,10.19,5.87,4.81,6.31,4.16,16.84,58.7,12.61,37.64,5.38,59.01,235.05,239.99,18.99,32.89,223.11,9.85,19.84,3.93,31.49,17.48,32.4,33.82,9.22,191.59,17.35,12.23,28.56,19.66,45.33,25.55,22.59,12.67,21.56,22.83,31.53,6.51,54.66,208.15,28.4,8.35,49.69,16.63,60.61,34.41,64.38,15.13,43.04,15.68,32.39,5.94,46.63,177.95,62.0,53.3,299.3,53.41,12.66,33.97,79.19,112.97,144.86,32.36,14.72,19.77,29.45,349.38,4.9,22.39,4.59,5.75,24.9,65.11,62.28,9.21,113.46,251.52,302.0,71.72,91.68,160.99,29.23,2.83,18.27,104.0,42.51,91.18,24.61,111.0,64.33,48.1,33.07,93.58,110.94,70.22,119.46,27.75,31.18,10.9,63.2,97.99,136.04,24.66,49.8,52.58,43.86,73.71,185.0,550.0,499.53,103.9,315.78,235.52,131.41,73.19,571.57,133.2,206.55,70.19,52.66,7.87,51.73,2.37,8.11,5.11,3.66,5.69,6.2,7.27,4.06,6.61,20.89,18.92,39.75,16.09,3.42,6.14,49.99,29.11,17.57,33.1,5.11,134.74,18.86,24.92,16.03,16.57,37.76,47.82,3.57,38.65,93.96,30.71,21.26,10.17,17.45,12.56,28.98,28.34,344.99,64.8,50.78,7.25,1990.0,17.91,43.6,26.3,34.84,20.9,98.93,3.74,8.69,43.03,26.3,22.83,75.5,61.77,163.27,4.07,299.6,9.54,52.6,11.25,36.62,51.99,24.1,6.39,7.34,7.1,14.47,58.92,9.45,14.1,13.95,6.06,9.98,64.3,52.85,27.69,33.2,59.4,10.17,10.34,9.59,23.1,19.22,4.51,7.81,15.09,4.61,21.93,6.55,9.06,17.13,3.02,45.6,4.95,4.96,31.39,8.11,6.79,6.12,4.76,4.67,23.0,3.47,30.16,37.34,5.29,5.31,7.48,13.68,11.14,3.7,5.13,15.24,177.9,8.77,13.25,4.84,2.96,6.27,16.75,5.16,37.31,2.34,37.52,10.85,9.37,209.41,10.26,9.04,6.62,3.26,14.72,6.09,27.53,6.93,3.29,3.66,44.3,4.68,27.86,46.91,71.86,174.99,155.1,109.7,116.97,88.1,377.5,46.41,163.0,111.92,160.2,87.08,93.12,63.97,137.0,83.36,52.33,129.3,5.37,161.67,146.5,55.41,125.59,84.07,114.4,179.75,22.02,527.08,135.1,56.13,52.3,69.73,43.31
2022-07-08,14.54,19.28,24.67,10.2,5.87,4.75,6.02,4.17,16.77,58.58,12.92,37.78,5.43,59.16,240.97,238.33,17.83,33.4,222.91,9.86,19.52,3.92,31.34,17.44,32.47,33.28,9.32,192.7,17.44,12.24,28.4,19.52,45.7,25.54,22.23,12.8,21.39,22.76,31.54,6.64,54.2,206.21,27.91,8.15,44.72,17.37,59.8,34.06,63.43,14.58,42.6,15.83,33.07,6.05,46.11,178.64,61.73,54.38,305.0,52.72,12.71,34.12,76.5,108.48,148.0,34.64,14.56,19.8,30.5,338.0,4.99,21.23,4.6,5.62,25.06,62.51,62.84,9.26,112.8,241.92,302.51,73.49,92.27,154.28,29.49,2.84,18.33,103.0,43.24,91.31,23.63,112.16,64.43,47.8,30.89,92.91,104.5,69.86,119.9,27.95,31.79,11.5,59.66,98.2,127.29,25.0,49.29,54.5,43.81,72.42,184.01,541.0,477.0,105.5,316.66,215.82,130.2,78.45,581.0,140.0,205.38,69.08,52.38,7.88,51.52,2.36,8.08,5.12,3.68,5.75,6.19,7.35,4.08,6.69,20.67,19.01,39.81,16.22,3.42,6.13,50.06,28.43,18.56,34.02,5.08,135.48,18.76,25.12,15.76,16.57,37.73,50.61,3.52,38.45,94.3,30.81,21.26,10.23,17.31,12.72,28.57,27.92,338.49,63.73,50.87,7.08,1999.0,18.01,43.7,26.2,35.0,20.62,98.72,3.75,8.67,42.15,26.18,23.03,76.51,61.36,163.63,4.16,300.77,9.62,53.59,11.58,36.34,52.3,24.2,6.39,7.33,7.03,14.48,58.92,9.29,14.22,13.94,6.06,10.06,62.18,53.21,27.67,33.45,57.2,10.11,10.2,9.74,23.01,19.31,4.51,7.88,15.17,4.61,20.03,6.09,8.97,16.67,3.03,45.82,4.93,4.98,31.17,8.13,6.77,6.28,4.77,4.67,22.88,3.49,30.25,35.95,5.3,5.39,7.57,13.7,11.07,3.71,5.23,15.03,170.0,8.84,13.32,4.86,2.96,6.27,16.35,5.19,36.73,2.34,36.64,10.83,9.3,211.97,10.16,9.07,6.61,3.26,14.84,5.71,27.17,6.83,3.3,3.67,43.73,4.7,27.73,47.55,73.8,167.0,154.82,110.2,114.9,87.09,392.22,46.77,159.54,109.0,161.25,84.29,91.18,62.69,135.29,82.02,51.35,135.28,5.51,166.5,143.19,56.19,125.51,83.18,111.88,182.18,22.36,382.98,135.68,57.7,52.69,67.9,43.4
2022-07-11,14.46,18.98,24.65,9.91,5.8,4.65,5.96,4.14,16.76,58.9,12.45,36.86,5.55,58.22,234.2,233.6,17.33,33.99,219.8,9.91,18.93,3.87,31.27,17.28,31.47,31.72,8.88,189.38,17.47,12.04,28.18,18.9,44.9,24.92,22.36,12.68,21.3,22.35,30.71,6.28,54.4,203.46,27.31,7.96,44.35,17.06,56.9,33.3,64.54,14.6,41.2,15.51,32.39,6.0,44.49,175.18,63.0,52.5,299.54,50.4,12.28,32.91,74.8,101.19,134.45,33.61,15.18,19.73,28.6,324.3,4.91,21.25,4.54,5.35,24.0,61.12,65.14,9.24,109.88,231.95,291.49,70.72,90.9,164.54,28.92,2.86,18.18,97.35,32.48,89.93,23.29,113.56,62.88,47.3,29.76,90.71,112.15,68.35,117.96,27.31,30.88,11.22,59.93,94.1,129.39,25.81,48.88,51.9,43.84,71.87,178.44,518.5,477.78,105.03,319.68,217.95,123.95,75.42,561.0,139.05,202.0,66.45,51.36,7.87,50.29,2.28,8.04,5.13,3.7,5.7,6.05,7.33,4.08,6.62,20.2,18.85,39.44,15.89,3.43,6.09,49.82,27.32,17.43,33.06,4.99,133.0,18.39,25.74,15.19,16.13,36.46,50.07,3.46,38.07,91.78,30.87,21.59,10.15,16.9,12.54,29.1,27.14,334.81,60.3,48.81,7.01,1963.6,17.71,41.82,25.4,35.15,19.99,96.69,3.7,8.63,41.3,26.33,21.9,74.73,60.38,156.3,4.3,293.2,9.49,52.26,11.36,36.11,53.18,24.69,6.61,7.28,7.14,14.78,59.58,9.24,13.89,13.88,6.04,10.06,60.24,51.37,27.0,29.0,58.32,10.04,10.29,9.64,22.31,19.17,4.54,7.97,15.14,4.59,19.63,6.07,8.97,15.74,3.04,45.38,4.95,4.99,30.69,7.96,6.7,6.47,4.79,4.57,21.7,3.46,30.03,34.14,5.29,5.45,7.6,13.6,10.84,3.72,5.2,15.08,168.86,8.87,13.16,4.78,2.98,6.3,16.57,5.13,36.24,2.34,34.8,10.77,9.28,207.35,9.97,9.05,6.58,3.27,14.71,5.77,26.43,6.9,3.32,3.65,42.44,4.74,27.08,47.79,72.5,159.52,154.82,108.0,104.12,84.69,375.05,45.54,159.0,105.5,156.06,81.55,87.02,63.13,134.72,84.05,50.0,128.99,5.31,160.39,133.4,54.27,121.77,80.91,110.19,176.8,21.57,380.48,130.87,55.36,51.02,66.65,41.84
2022-07-12,14.42,19.03,24.0,9.73,5.74,4.64,5.9,4.17,16.5,60.1,12.21,35.78,5.48,56.51,234.53,229.87,16.55,34.93,212.5,9.97,19.47,3.84,30.42,17.49,31.96,31.0,8.89,190.0,17.37,12.11,28.09,19.68,44.18,24.47,22.15,12.92,20.95,21.82,29.89,6.23,53.65,200.7,26.43,7.73,44.51,16.55,57.6,33.78,64.63,14.89,40.54,15.22,32.48,5.77,44.97,173.44,61.26,51.73,280.99,49.51,12.09,32.5,74.36,100.48,127.8,33.4,15.26,20.39,28.55,309.0,4.86,21.81,4.45,5.34,24.7,58.01,63.5,9.22,105.87,230.0,265.61,73.13,91.4,159.03,28.45,2.87,17.63,93.07,31.78,89.1,23.14,108.48,62.29,45.57,29.09,88.34,115.9,67.33,114.1,26.77,30.72,10.92,59.8,91.73,127.48,24.88,47.35,49.4,41.51,67.66,171.5,503.69,471.13,97.49,312.4,212.33,119.19,72.8,556.23,133.82,196.99,66.34,50.06,7.91,50.55,2.26,8.2,5.18,3.72,5.67,6.09,7.37,4.09,6.67,20.22,18.86,39.3,16.21,3.44,6.12,48.9,27.45,17.25,31.37,4.97,129.12,18.49,24.82,15.27,15.86,37.02,46.82,3.45,36.87,92.51,30.11,21.23,10.19,16.88,12.74,28.81,26.42,327.89,60.12,47.21,7.02,1948.41,17.68,40.68,24.91,35.79,19.51,95.67,3.71,8.57,41.48,27.0,21.82,71.91,59.92,154.26,4.22,290.39,9.48,51.77,11.5,36.38,50.88,24.9,6.6,7.28,7.28,14.92,59.58,9.27,13.86,13.86,6.08,10.3,58.93,51.21,26.97,29.73,58.78,10.0,10.09,9.63,22.15,19.28,4.57,8.1,15.22,4.6,20.36,6.11,9.04,15.49,3.04,45.51,4.95,4.64,30.85,7.92,6.75,6.6,4.51,4.56,21.85,3.53,29.86,33.7,5.09,5.57,7.87,13.56,10.68,3.74,5.19,15.51,165.85,9.1,13.1,4.77,2.99,6.31,16.74,5.12,35.41,2.39,33.88,10.84,9.3,203.54,9.82,8.92,6.58,3.29,14.51,5.75,27.09,6.96,3.33,3.63,42.78,4.75,26.38,45.65,67.0,163.14,152.33,105.8,103.98,84.65,361.05,44.75,150.99,102.46,149.61,80.12,88.69,62.9,132.45,81.19,49.39,126.0,5.23,156.55,129.93,53.37,114.8,78.67,110.2,175.56,21.09,376.25,128.91,54.06,49.73,66.13,41.88
2022-07-13,13.97,18.96,23.75,9.69,5.74,4.61,5.98,4.17,16.82,58.3,12.24,36.47,5.53,56.3,237.0,231.6,16.97,34.97,214.4,9.74,20.0,3.85,30.15,17.05,32.5,31.62,8.9,193.1,17.44,12.29,27.88,19.65,45.77,24.58,22.88,13.01,20.88,21.75,29.82,6.17,53.12,199.21,28.33,7.67,43.82,16.27,57.49,32.9,63.12,15.59,40.62,15.23,31.92,5.77,46.03,173.4,60.74,51.76,281.0,48.56,11.79,32.81,76.58,100.95,128.6,32.57,15.13,20.24,27.51,309.88,4.89,21.79,4.5,5.31,24.31,60.65,63.89,9.21,105.99,229.08,266.16,71.64,91.12,157.1,28.1,2.93,17.5,98.38,32.21,88.89,22.99,107.93,61.79,45.08,30.62,87.03,115.5,67.5,113.81,26.39,30.34,10.92,61.18,92.1,126.8,25.03,46.83,49.49,40.87,75.0,167.0,539.0,470.0,97.08,316.0,216.49,108.81,77.89,568.5,146.88,200.22,66.97,50.2,7.85,51.03,2.26,8.13,5.14,3.71,5.66,6.07,7.41,4.07,6.9,20.22,19.32,37.9,16.6,3.44,6.12,48.85,27.36,17.25,31.91,5.03,130.89,19.12,25.07,15.54,15.77,35.94,47.0,3.45,36.98,92.5,29.95,21.12,10.23,16.76,12.78,29.72,26.6,326.2,59.87,46.57,7.02,1958.89,17.7,40.86,24.87,35.35,19.57,96.89,3.73,8.52,40.9,26.33,21.6,71.18,58.5,153.35,4.39,289.76,9.44,53.13,11.53,35.96,50.11,24.97,6.82,7.38,6.96,14.23,60.7,9.33,13.7,13.79,6.09,10.04,61.57,53.5,26.63,29.37,59.5,10.46,10.08,9.64,21.87,18.6,4.52,8.13,15.18,4.6,19.96,6.06,8.97,15.75,3.01,45.08,4.88,4.58,30.6,7.92,6.71,6.65,4.42,4.54,21.48,3.56,29.42,33.84,4.9,5.56,7.92,13.58,10.66,3.75,5.2,15.23,165.72,9.25,13.02,4.84,2.95,6.27,16.05,5.09,37.48,2.42,34.39,10.69,9.27,205.6,9.66,8.75,6.59,3.26,14.46,5.67,26.88,6.94,3.29,3.66,43.41,4.67,26.78,45.52,64.99,162.3,150.6,105.94,103.61,85.1,346.6,44.6,156.0,103.08,146.63,79.99,88.25,66.52,131.55,80.58,49.02,124.54,5.23,157.8,129.44,52.59,112.63,75.49,105.32,176.83,20.75,359.2,136.26,53.5,49.99,69.7,41.57
2022-07-14,13.37,18.39,23.63,9.73,5.63,4.63,5.91,4.17,17.85,56.2,12.36,35.98,5.47,56.77,234.28,230.16,17.0,34.18,216.29,9.66,20.81,3.82,31.67,16.96,31.21,30.44,8.87,190.13,17.28,12.05,27.32,19.93,46.24,24.49,22.36,12.93,20.95,21.81,30.66,6.25,52.5,207.18,29.26,7.64,46.62,16.18,58.5,32.57,64.2,15.43,40.49,15.07,31.6,5.78,44.5,173.01,60.61,51.8,277.51,46.8,12.04,32.74,77.34,100.41,125.55,32.65,15.28,20.03,27.67,323.0,5.02,21.58,4.49,5.25,24.58,60.47,63.56,9.17,97.72,239.0,269.85,71.73,91.3,168.5,29.57,2.86,17.49,105.15,33.77,89.25,22.77,109.43,63.82,45.3,32.15,88.24,126.0,69.8,122.88,26.39,30.28,10.89,63.0,91.94,130.67,24.92,47.5,52.53,41.79,74.53,170.61,556.01,491.45,99.98,323.99,223.0,105.42,82.38,574.69,147.0,201.49,65.93,49.61,7.79,52.31,2.22,7.35,5.07,3.68,5.64,5.93,7.22,4.06,7.01,20.02,18.93,36.48,16.62,3.42,6.08,49.8,27.87,17.06,31.97,5.11,130.35,20.15,24.88,15.38,15.78,34.2,49.54,3.38,38.53,91.49,29.6,20.98,10.3,16.7,12.02,29.57,26.51,324.07,60.06,46.89,7.07,1953.0,17.73,41.64,24.79,34.77,19.29,96.0,3.55,8.43,41.5,25.45,21.3,71.5,59.51,158.42,4.08,288.42,9.4,53.36,11.27,36.09,51.55,24.86,6.58,7.29,6.89,14.35,60.16,9.19,13.74,13.79,6.1,9.94,61.91,53.22,26.26,29.57,57.5,10.78,10.42,9.55,21.34,18.0,4.46,7.94,15.0,4.63,20.12,5.98,8.8,15.71,2.95,43.6,4.86,4.51,30.17,7.87,6.64,6.6,4.37,4.5,21.13,3.52,28.46,33.77,4.72,5.44,7.77,13.39,10.72,3.72,5.15,15.14,174.0,9.08,12.89,4.92,2.92,6.15,15.95,5.07,38.35,2.39,37.83,10.66,9.17,209.5,9.47,8.62,6.51,3.25,14.29,5.58,27.42,6.69,3.23,3.75,43.11,4.62,27.01,45.79,65.28,169.35,152.72,107.75,105.9,84.65,361.25,44.16,153.09,101.85,145.55,82.0,93.98,69.58,128.41,81.22,48.51,126.13,5.14,159.34,137.56,54.15,113.39,74.88,104.8,175.03,20.77,355.17,137.0,53.83,49.89,75.09,41.28
2022-07-15,13.24,17.62,23.48,9.26,5.49,4.31,5.69,4.04,17.85,55.2,11.86,35.96,5.34,56.49,237.6,237.99,17.93,33.7,209.78,9.48,20.43,3.74,31.14,16.46,29.75,30.13,8.62,189.9,16.84,11.77,27.11,19.61,45.99,24.01,22.12,12.24,20.61,21.31,29.74,6.19,52.27,205.74,29.22,7.58,45.88,15.74,56.01,32.12,64.0,15.31,39.68,14.72,31.73,5.68,43.48,172.5,59.21,50.88,280.8,47.41,11.95,31.69,72.56,100.02,124.0,33.0,14.52,19.56,28.22,338.19,4.87,19.78,4.36,5.03,23.91,59.1,62.5,9.08,89.09,237.0,269.0,70.51,90.7,164.19,29.8,2.8,17.36,102.51,33.73,86.4,22.4,104.5,63.04,44.53,31.48,89.79,125.15,68.47,117.41,26.45,29.43,10.68,62.27,91.06,133.74,24.09,46.23,51.2,40.12,73.0,168.48,533.0,480.0,96.9,317.05,224.57,103.8,79.4,575.06,147.81,206.38,65.88,48.65,7.67,51.8,2.13,7.24,5.02,3.62,5.5,5.74,7.09,4.02,6.79,19.57,17.66,34.87,15.78,3.38,5.96,49.68,27.18,16.13,31.27,4.97,132.58,19.62,21.05,14.87,15.55,35.53,47.0,3.28,37.24,89.81,29.17,20.56,10.11,16.48,10.95,30.14,27.31,319.15,59.7,48.15,6.92,1949.5,17.44,38.71,24.38,34.0,19.22,96.84,3.38,8.21,41.81,24.65,21.1,72.48,58.47,155.99,4.13,289.07,9.15,40.22,11.17,35.68,51.23,24.3,6.41,7.1,6.8,14.5,58.79,8.76,13.28,13.52,6.02,10.04,62.04,52.0,25.84,29.75,56.51,10.31,9.94,9.35,20.3,17.63,4.14,7.71,13.92,4.45,19.24,5.91,8.94,16.07,2.76,42.71,4.74,4.51,29.52,7.33,6.45,6.47,4.33,4.38,20.53,3.38,27.99,34.5,4.66,5.28,7.48,13.11,10.52,3.71,5.07,14.97,181.7,8.75,12.59,4.73,2.9,6.12,15.95,5.01,38.62,2.33,39.95,10.29,8.59,204.36,9.18,8.37,6.32,3.21,14.2,5.49,28.86,6.4,3.0,3.55,41.76,4.54,26.28,41.21,63.6,166.68,150.6,105.0,105.0,83.49,383.5,43.95,150.0,102.85,144.98,80.25,90.5,69.41,127.07,76.67,48.1,126.3,5.15,156.35,140.9,54.13,114.3,75.04,103.0,174.82,20.58,348.01,135.66,53.43,48.7,74.0,41.02
2022-07-18,13.39,17.9,24.39,9.47,5.58,4.37,5.8,4.1,17.14,55.29,12.19,35.91,5.47,56.76,234.53,234.05,17.79,34.3,208.8,9.57,20.26,3.86,31.3,16.65,30.13,30.29,8.85,187.33,16.97,11.94,27.16,19.94,45.99,24.42,22.7,12.73,21.36,21.69,30.3,6.33,52.68,201.01,28.96,7.74,44.55,15.88,54.41,32.64,65.35,15.17,41.21,14.9,31.46,5.72,43.02,169.6,58.52,51.91,271.15,48.2,11.96,31.91,70.96,100.25,119.97,32.5,14.61,19.82,27.81,337.1,4.98,20.75,4.46,5.2,24.08,59.06,62.1,9.2,90.49,229.8,269.0,69.75,90.21,176.4,30.18,2.87,17.62,107.32,34.8,88.3,23.25,104.48,63.1,44.6,32.2,90.58,126.56,67.79,114.76,26.27,29.9,10.87,63.19,91.0,138.21,24.15,47.05,53.22,40.4,72.5,163.63,551.66,471.0,86.66,310.0,250.72,104.68,79.4,589.0,153.58,205.57,66.05,48.7,7.79,51.23,2.16,7.57,5.08,3.67,5.54,5.82,7.21,4.1,6.88,19.87,18.75,35.63,16.49,3.41,6.07,48.63,27.1,16.77,32.45,5.01,130.42,19.97,20.85,15.13,15.86,37.44,50.0,3.41,37.93,92.17,29.24,20.95,10.18,17.18,11.5,30.2,28.42,318.7,58.69,47.27,7.03,1951.66,17.75,41.21,25.08,35.11,20.02,96.32,3.51,8.33,41.85,25.47,21.54,71.69,57.49,158.4,4.25,287.3,9.44,41.5,11.35,36.05,50.8,24.95,6.61,7.24,7.1,14.31,59.49,8.88,14.09,13.79,6.06,10.18,62.1,52.93,26.43,30.53,56.6,10.25,9.83,9.67,21.11,17.8,4.18,7.78,14.25,4.54,20.21,5.97,9.04,15.92,2.8,43.45,4.89,4.54,29.93,7.41,6.61,6.48,4.37,4.63,20.9,3.44,28.8,35.96,4.75,5.35,7.59,13.33,10.74,3.74,5.15,15.22,181.95,9.02,13.03,4.73,2.92,6.24,15.97,5.15,38.76,2.36,40.4,10.62,8.81,206.58,9.47,8.87,6.44,3.25,14.56,5.57,29.78,6.48,3.02,3.61,42.3,4.59,26.75,41.61,64.3,163.39,150.7,103.08,106.47,84.48,381.0,44.15,144.13,100.9,146.45,79.81,90.59,69.02,123.59,75.15,48.59,122.92,5.31,157.51,147.93,53.33,114.98,72.96,103.85,175.91,20.74,344.35,138.2,53.31,50.0,75.29,41.61
2022-07-19,13.42,17.8,25.03,9.94,5.61,4.38,5.81,4.13,17.09,55.03,12.32,35.69,5.48,56.39,234.8,240.47,17.94,34.08,209.73,9.66,20.49,3.89,31.6,16.87,29.65,30.27,8.85,188.9,16.91,11.95,27.0,20.2,46.0,24.85,22.5,12.74,21.59,21.64,30.3,6.33,52.92,200.86,29.47,7.79,43.21,17.4,53.22,32.72,65.48,15.03,41.57,15.07,31.97,5.77,41.8,170.66,58.55,54.5,264.42,49.27,12.09,31.87,70.8,98.2,120.65,32.42,14.68,20.3,27.88,331.1,5.01,21.49,4.69,5.24,24.29,58.12,61.71,9.27,87.5,225.23,265.34,70.68,89.9,179.2,30.35,2.84,17.77,102.9,34.13,88.81,23.3,102.85,62.38,44.38,30.86,89.41,120.58,67.0,110.42,26.48,30.3,11.02,61.21,94.2,140.69,24.11,46.94,51.81,39.9,74.2,164.66,524.61,458.5,82.95,301.45,233.0,103.88,78.41,582.18,151.3,208.01,64.34,48.27,7.81,51.23,2.18,7.38,5.14,3.64,5.6,5.76,7.17,4.1,6.7,19.96,18.39,35.71,16.5,3.43,6.14,48.59,26.77,16.66,32.49,4.99,130.25,20.95,20.86,15.32,16.04,38.04,48.88,3.48,37.64,90.91,29.29,20.78,10.18,17.35,11.41,29.11,28.3,309.52,57.86,46.33,7.04,1943.1,17.7,40.76,25.17,34.74,20.83,95.11,3.54,8.34,42.43,25.14,21.46,71.35,57.82,154.8,4.1,285.0,9.51,42.81,11.12,36.16,50.48,25.05,6.49,7.34,7.18,14.36,59.48,8.98,14.12,13.9,6.06,10.25,60.15,51.85,26.57,30.09,55.13,10.05,9.99,9.8,20.85,17.75,4.21,7.8,14.36,4.56,19.86,6.0,9.24,15.71,2.84,43.4,4.89,4.57,30.0,7.5,6.63,6.46,4.39,4.65,20.98,3.45,28.48,35.62,4.78,5.36,7.58,13.4,10.88,3.74,5.16,15.21,174.37,8.93,13.23,4.71,2.93,6.28,15.97,5.2,38.14,2.35,39.24,10.69,8.84,209.0,9.53,8.74,6.59,3.26,14.53,5.59,29.2,6.45,3.04,3.72,44.29,4.63,27.26,42.21,65.18,157.94,152.71,101.56,104.0,84.6,368.0,43.96,144.2,99.9,144.78,78.8,89.97,67.42,121.0,77.25,48.4,121.97,5.24,157.99,151.88,54.38,112.04,74.35,105.77,177.0,20.74,346.0,136.24,53.05,51.54,69.96,41.79
2022-07-20,13.39,17.76,25.05,9.88,5.59,4.39,6.05,4.15,16.78,55.43,12.29,36.23,5.52,56.97,235.7,238.4,17.57,34.11,209.25,9.83,19.97,3.9,33.66,16.87,29.8,30.15,8.79,189.11,16.64,11.87,27.21,20.16,47.06,24.84,22.54,12.73,21.6,21.94,30.5,6.31,53.19,206.0,28.33,7.73,42.4,18.22,53.75,32.64,65.91,15.36,42.25,15.17,32.14,5.76,42.26,172.1,61.4,53.9,266.15,49.28,12.49,31.91,70.47,98.44,123.7,31.96,14.53,20.17,28.65,331.7,5.01,22.31,4.73,5.23,25.01,57.48,59.92,9.23,84.34,222.16,269.0,71.09,90.35,176.0,30.5,2.84,18.38,100.11,34.0,89.01,23.22,104.95,63.61,45.2,30.55,90.14,120.7,69.58,111.01,26.6,30.49,10.93,62.09,95.12,139.5,23.53,47.06,53.18,40.58,74.9,163.0,526.0,468.45,83.88,301.9,232.8,104.58,77.22,605.97,148.04,211.0,64.4,48.5,7.79,51.57,2.17,7.26,5.15,3.64,5.62,5.74,7.03,4.1,6.73,19.98,18.21,35.85,16.35,3.44,6.2,49.26,26.9,16.44,32.26,5.04,131.05,22.82,21.53,15.31,15.96,38.37,48.87,3.47,38.02,89.49,29.46,20.82,10.2,17.39,11.36,29.12,28.23,308.95,57.33,46.48,7.09,1950.1,17.78,41.4,25.25,34.55,21.4,95.56,3.51,8.34,41.8,25.38,21.18,71.74,59.87,160.01,4.12,290.39,9.52,42.45,11.03,36.5,53.5,24.94,6.5,7.32,7.37,14.52,60.36,9.0,14.19,13.88,6.08,10.23,59.82,52.04,26.54,29.75,55.89,10.21,10.4,9.94,20.75,17.75,4.23,7.78,14.38,4.64,19.94,6.02,9.18,15.44,2.85,43.4,4.93,4.6,29.94,7.47,6.63,6.41,4.44,4.61,21.01,3.45,28.93,35.09,4.81,5.33,7.53,13.38,11.55,3.73,5.19,15.15,176.0,8.86,13.33,4.73,2.93,6.3,16.08,5.24,38.91,2.35,39.1,10.72,8.86,214.95,9.44,8.79,6.58,3.27,14.5,5.65,30.05,6.45,3.08,3.84,43.64,4.7,27.85,43.82,64.88,164.95,152.5,102.42,104.13,85.59,375.4,44.32,144.98,100.41,144.7,79.06,91.0,68.5,121.99,76.77,49.0,124.71,5.44,163.05,154.69,54.05,113.32,73.01,81.58,181.0,20.62,347.5,152.72,53.33,50.18,71.55,41.77
2022-07-21,13.01,17.29,25.0,9.95,5.57,4.33,6.18,4.14,16.77,54.89,12.2,34.8,5.53,56.9,233.89,235.03,17.1,33.95,208.82,9.4,19.98,3.89,33.0,16.49,29.36,29.0,8.73,186.7,16.38,11.75,26.85,19.89,46.55,24.66,22.28,12.28,21.5,21.4,30.33,6.2,48.65,213.0,27.9,7.63,42.2,18.83,54.09,31.84,64.63,14.49,41.74,15.02,32.48,5.87,42.21,168.5,62.7,53.0,280.57,48.89,12.46,31.61,70.82,93.0,115.0,31.91,14.17,21.45,27.75,324.5,5.07,21.78,4.77,5.18,24.57,56.09,59.86,9.17,82.2,217.0,190.37,71.15,90.38,178.8,31.0,2.79,18.58,98.0,33.54,88.47,22.96,103.81,62.98,44.5,30.52,92.6,116.57,67.86,111.6,26.75,31.35,10.84,61.95,96.42,141.0,23.9,47.16,52.7,40.12,75.38,172.0,521.0,488.29,85.56,306.47,233.38,106.98,75.0,601.08,145.62,207.92,66.11,47.83,7.33,50.98,2.18,7.03,5.1,3.62,5.57,5.61,6.93,4.09,6.62,19.77,17.92,35.46,15.78,3.42,6.15,49.1,25.92,16.2,32.46,5.0,126.69,22.84,21.52,15.1,15.97,36.68,48.65,3.44,38.7,87.4,29.59,20.59,10.05,17.25,11.04,29.32,27.85,309.33,55.63,47.32,7.08,1939.0,17.68,41.01,25.29,34.02,21.05,97.01,3.48,8.35,41.71,24.95,21.18,72.95,57.56,157.42,3.89,290.2,9.46,42.74,10.84,36.12,52.34,24.01,6.36,7.27,7.09,13.95,60.45,8.96,13.81,13.73,6.03,10.06,59.13,52.06,25.95,28.09,55.5,10.28,10.39,10.07,20.58,17.36,4.18,7.7,14.25,4.83,18.86,5.98,9.22,15.11,2.82,42.74,4.86,4.59,29.41,7.56,6.56,6.21,4.39,4.53,20.68,3.41,28.2,34.28,4.72,5.15,7.54,13.27,11.28,3.74,5.14,14.68,174.36,8.62,13.16,4.71,2.91,6.29,15.21,5.19,38.38,2.33,38.1,10.52,8.82,208.95,9.08,8.67,6.55,3.25,14.11,5.58,29.9,6.3,3.06,3.8,43.43,4.66,27.48,43.55,64.7,163.0,150.5,102.16,102.4,83.88,376.4,43.41,146.55,98.68,148.91,77.24,87.61,70.7,120.3,75.8,47.8,126.68,5.98,161.31,148.5,57.57,121.2,73.06,79.82,184.5,21.17,341.75,153.5,53.82,52.58,70.01,41.55
2022-07-22,12.81,17.38,25.0,9.74,5.57,4.35,6.21,4.15,17.15,55.09,12.17,35.59,5.68,56.55,232.5,232.89,17.59,33.94,206.4,9.32,20.73,3.89,32.74,16.38,28.94,29.36,8.76,185.91,16.25,11.68,26.41,19.6,43.76,24.29,21.38,12.21,21.23,20.57,29.81,6.11,46.63,219.39,27.86,7.56,42.38,19.17,54.75,31.66,63.8,14.87,41.22,14.93,31.5,6.04,39.95,170.39,62.78,53.0,273.4,47.89,12.31,31.43,72.15,93.2,116.85,31.17,13.93,21.1,27.15,329.62,5.02,21.22,4.67,5.12,23.9,55.31,58.8,9.19,78.5,216.68,184.65,70.64,88.69,179.72,29.97,2.79,18.47,98.4,33.2,88.64,23.1,104.56,62.0,43.25,30.84,89.89,114.23,69.19,110.02,26.48,30.99,10.55,62.74,94.81,140.33,23.3,46.53,51.0,38.2,75.73,172.0,532.0,481.96,84.4,303.29,236.19,103.48,76.44,599.2,140.74,201.1,63.37,47.3,7.35,52.35,2.14,6.95,5.14,3.63,5.6,5.53,7.06,4.11,6.68,19.88,17.91,35.59,15.63,3.43,6.17,48.99,26.11,16.32,31.96,5.02,124.05,23.36,21.15,15.06,15.79,36.12,48.07,3.46,39.0,86.79,29.42,20.25,10.0,17.37,11.0,29.75,28.51,310.5,56.11,45.62,7.06,1947.0,17.74,41.17,24.86,33.28,20.74,96.21,3.46,8.3,42.1,24.96,21.35,70.83,57.41,156.78,3.89,290.8,9.62,42.17,10.81,36.28,52.8,24.13,6.3,7.28,7.15,13.88,60.58,8.93,13.83,13.77,6.05,10.14,60.14,53.51,26.17,28.34,54.97,10.4,10.71,10.0,20.44,17.53,4.19,7.73,14.41,4.76,18.62,6.01,9.16,15.28,2.85,43.05,4.88,4.63,29.44,7.47,6.58,6.22,4.41,4.53,20.76,3.39,28.22,35.19,4.73,5.11,7.61,13.33,11.17,3.74,5.17,14.91,170.92,8.56,13.13,4.73,2.91,6.28,15.52,5.2,40.24,2.33,37.5,10.84,8.8,214.62,9.1,8.67,6.57,3.26,14.29,5.6,28.29,6.23,3.08,3.82,43.64,4.69,26.95,42.53,62.0,168.78,150.88,102.52,100.21,84.77,373.0,43.25,141.95,97.06,145.88,77.8,88.85,70.09,119.6,73.99,47.48,123.19,5.56,162.02,147.5,55.85,121.99,71.37,79.91,179.72,20.69,336.15,150.86,52.33,51.09,73.35,41.45
2022-07-25,12.82,17.5,24.73,9.61,5.58,4.28,6.28,4.12,16.66,56.45,12.0,34.74,5.62,56.83,233.8,234.27,16.86,34.23,206.05,9.34,20.06,3.88,31.66,16.1,29.15,29.21,8.56,188.08,15.94,11.52,26.46,19.34,44.05,24.09,20.96,12.53,21.03,20.59,28.87,6.02,46.76,217.23,27.45,7.44,42.0,19.04,52.69,32.05,62.38,14.43,41.28,14.88,30.9,6.01,40.15,171.05,62.38,52.63,272.0,47.45,12.0,32.32,70.01,91.51,117.7,30.8,13.78,20.52,28.18,322.95,4.92,20.4,4.58,5.08,23.1,54.56,58.02,9.15,83.65,219.01,180.2,69.06,87.2,173.88,29.51,2.77,18.61,98.45,33.16,85.66,22.51,108.13,60.95,44.0,29.84,86.47,110.89,68.67,108.99,25.9,30.79,10.32,63.6,93.89,136.47,23.39,46.65,50.59,36.32,75.44,168.18,521.75,473.02,84.37,302.99,233.0,101.53,73.0,597.22,131.42,202.55,64.87,47.16,7.35,51.55,2.14,6.68,5.15,3.61,5.58,5.47,7.0,4.1,6.66,19.66,17.83,35.85,16.1,3.43,6.14,49.2,25.09,16.0,31.16,4.98,127.24,23.58,21.39,15.04,15.65,36.36,48.94,3.41,38.48,86.25,29.49,20.0,9.94,16.58,11.39,28.43,28.01,309.6,53.82,44.18,7.1,1944.65,18.05,41.21,24.45,33.19,20.21,100.19,3.47,8.28,40.98,25.15,20.92,67.37,57.7,153.05,3.87,292.81,9.55,41.64,10.68,36.61,51.82,24.1,6.25,7.29,7.14,14.01,60.54,8.84,13.65,13.71,6.04,10.2,58.81,52.78,25.66,28.6,54.63,10.29,10.36,9.95,20.72,17.6,4.21,7.72,14.49,4.58,18.97,6.0,8.45,14.52,2.86,42.92,4.87,4.65,29.32,7.37,6.46,6.22,4.44,4.61,20.69,3.39,28.18,33.9,4.79,5.13,7.38,13.19,10.97,3.72,5.12,14.77,166.13,8.54,12.95,4.7,2.91,6.29,15.49,5.19,39.16,2.3,36.58,10.47,8.7,219.61,9.1,8.71,6.5,3.25,13.88,5.62,27.94,6.21,3.09,3.81,43.39,4.74,27.0,42.11,60.61,159.0,148.68,100.94,97.45,84.87,372.0,43.75,141.35,97.42,142.8,78.4,87.19,67.75,121.99,72.92,47.83,120.63,5.38,162.0,142.88,56.33,122.36,72.81,82.25,178.81,20.69,334.24,150.98,51.36,50.38,71.49,41.82
2022-07-26,12.91,18.05,24.62,9.7,5.81,4.28,6.26,4.15,16.86,57.4,12.03,36.71,5.61,57.06,237.38,234.98,17.13,34.13,206.12,9.48,20.28,3.86,31.66,16.15,30.07,29.67,8.65,190.99,15.94,11.65,26.45,19.41,46.03,24.71,21.16,13.58,20.91,20.49,28.35,6.11,47.24,219.53,28.92,7.53,42.0,18.89,53.53,32.55,63.51,14.47,42.02,14.91,31.02,5.96,41.95,172.89,62.01,52.11,271.43,47.9,12.01,32.31,73.17,93.79,121.56,31.06,14.02,20.74,28.29,325.0,4.96,20.55,4.63,5.22,23.66,55.07,58.12,9.18,84.96,224.93,180.24,69.75,87.36,176.84,29.68,2.78,18.42,97.27,32.88,87.11,22.61,107.41,62.55,43.55,29.75,85.07,110.7,70.02,108.58,26.3,31.35,10.4,63.18,95.0,136.25,23.48,46.78,51.0,35.85,75.35,171.0,522.0,492.5,84.14,307.11,235.0,100.49,72.5,602.66,130.86,204.97,62.58,47.36,7.38,52.75,2.16,6.67,5.16,3.63,5.62,5.54,7.12,4.12,6.73,19.83,18.1,36.33,17.03,3.44,6.16,50.08,25.41,16.07,31.43,5.05,129.72,22.85,20.74,15.11,15.63,37.23,47.42,3.44,36.17,86.76,29.41,20.25,9.99,16.9,12.32,28.85,28.25,310.18,54.36,44.69,7.11,1950.21,18.01,42.1,24.79,33.42,21.2,100.49,3.64,8.5,41.29,25.6,21.23,68.19,58.88,154.9,3.87,296.2,9.57,41.57,10.68,36.58,52.0,24.1,6.27,7.3,7.34,14.22,60.49,8.84,13.85,13.78,6.05,10.29,59.65,54.0,25.96,29.05,55.92,10.35,10.44,10.0,21.43,17.9,4.22,7.53,14.47,4.64,19.49,6.02,8.52,14.65,2.86,43.2,4.87,4.67,29.49,7.4,6.47,6.24,4.42,4.62,20.81,3.33,28.37,34.07,4.8,5.24,7.42,13.28,10.95,3.74,5.13,14.81,165.5,8.6,13.24,4.78,2.92,6.3,15.86,5.25,39.42,2.31,36.95,10.45,8.74,219.0,9.28,8.91,6.54,3.26,13.89,5.62,27.98,6.18,3.11,3.77,43.24,4.73,29.0,41.68,60.94,163.76,149.18,101.56,101.16,84.92,380.2,46.1,141.66,96.85,144.24,77.55,87.83,68.55,125.34,72.39,47.71,121.52,5.47,160.56,145.02,55.87,125.28,71.23,85.2,181.1,20.35,332.0,152.0,51.65,50.0,76.36,41.54
2022-07-27,12.79,17.76,24.55,9.67,5.7,4.28,6.21,4.13,18.55,55.92,11.97,35.05,5.6,56.85,231.5,231.55,17.35,33.41,204.47,9.48,19.8,3.86,31.69,16.17,29.46,29.3,8.66,188.1,15.82,11.55,26.32,19.08,47.05,24.56,20.99,13.58,20.93,20.54,28.96,6.03,47.68,216.5,31.81,7.47,42.0,18.89,54.82,32.12,62.97,14.68,42.88,14.9,30.73,5.9,41.2,171.39,62.27,50.94,263.99,48.0,12.15,32.68,75.88,92.8,118.75,30.86,14.03,20.49,27.68,325.8,4.95,20.39,4.55,5.15,23.25,55.47,58.05,9.18,83.15,223.47,172.66,70.0,86.94,183.02,29.19,2.76,18.38,98.8,32.07,85.9,22.44,103.93,64.88,42.62,30.15,84.91,119.75,74.65,106.41,26.78,31.91,10.29,63.14,96.0,137.12,23.55,46.75,50.7,35.0,75.44,162.99,515.2,500.18,82.37,302.0,242.4,100.23,73.9,618.38,127.53,206.1,63.45,46.74,7.34,53.13,2.16,6.78,5.14,3.65,5.56,5.62,7.08,4.1,6.8,19.81,17.83,36.05,17.22,3.42,6.13,49.95,25.55,16.0,31.2,5.04,128.7,23.71,20.5,14.96,15.59,37.02,47.37,3.46,36.23,85.25,29.29,20.06,9.92,16.82,12.3,28.97,28.26,306.01,55.42,43.61,7.14,1919.6,18.04,42.62,24.28,32.91,21.36,100.0,3.56,8.42,41.77,25.26,21.37,67.57,61.06,150.7,3.9,287.12,9.52,41.61,10.57,36.41,51.28,23.92,6.21,7.27,7.24,14.35,59.37,8.82,13.77,13.85,6.04,10.34,61.26,53.6,26.2,28.83,53.88,10.4,10.32,9.94,21.16,17.83,4.2,7.55,14.37,4.59,19.41,6.0,8.74,14.87,2.84,42.79,4.83,4.65,28.98,7.38,6.47,6.18,4.39,4.59,20.54,3.31,27.98,33.72,4.77,5.14,7.32,13.24,10.94,3.73,5.11,14.82,168.52,8.51,13.25,4.82,2.91,6.29,15.8,5.21,39.2,2.3,37.88,10.49,8.73,214.83,9.23,8.81,6.53,3.25,13.79,5.61,27.7,6.22,3.09,3.81,42.52,4.73,28.73,41.73,59.37,167.3,150.63,96.36,100.33,83.84,372.88,45.41,140.15,97.35,142.29,77.0,87.56,68.53,125.8,72.15,47.22,118.62,5.52,157.51,143.23,56.91,121.72,70.9,83.5,177.57,20.44,333.8,160.89,50.7,50.19,80.4,40.96
2022-07-28,12.88,17.65,24.84,9.9,5.73,4.43,6.23,4.16,20.06,55.75,12.1,33.53,5.59,56.33,229.04,230.89,17.8,33.31,199.91,9.56,20.18,3.91,32.42,16.2,29.69,29.13,8.71,187.12,15.66,11.51,26.57,19.22,46.64,24.95,21.15,13.58,20.93,20.35,31.86,6.06,47.65,223.9,31.31,7.6,40.36,18.57,52.35,31.76,63.41,14.53,43.12,15.15,32.28,5.88,41.8,171.0,62.71,50.72,269.26,48.05,12.68,32.73,78.58,90.82,115.75,33.53,14.36,20.19,27.78,325.43,5.16,20.37,4.58,5.17,23.08,53.88,58.2,9.25,84.41,216.97,172.52,70.1,89.08,186.17,31.05,2.77,18.67,96.18,30.76,87.6,22.72,101.95,66.1,42.66,29.88,85.97,124.7,72.96,106.28,27.12,31.6,10.88,60.63,99.96,135.19,22.97,46.81,48.87,34.64,76.57,167.28,515.6,476.5,82.38,293.5,236.05,100.58,75.86,604.02,123.6,200.89,62.17,46.75,7.33,53.42,2.19,6.95,5.18,3.66,5.56,5.66,7.1,4.12,6.61,19.87,17.71,35.78,16.98,3.43,6.15,48.9,24.91,16.08,32.04,4.95,126.08,24.02,20.51,15.11,16.19,37.9,46.19,3.48,36.1,85.15,29.29,20.43,9.98,17.03,11.95,28.45,28.58,304.3,54.09,43.92,7.17,1898.0,18.12,42.72,25.6,32.98,21.0,100.48,3.62,8.43,41.8,25.15,21.25,71.26,61.85,151.02,3.82,286.28,9.36,41.25,10.49,36.77,52.3,23.9,6.25,7.32,7.19,14.33,58.9,8.93,13.89,13.93,6.04,10.31,61.18,52.8,26.25,28.74,53.04,10.04,10.41,10.11,21.58,17.9,4.19,7.47,14.53,4.61,19.47,6.01,8.93,14.86,2.85,42.72,4.84,4.64,29.22,7.48,6.52,6.13,4.39,4.63,20.53,3.31,28.1,33.83,4.75,5.12,7.32,13.32,11.29,3.73,5.17,15.11,164.8,8.46,13.48,4.76,2.91,6.27,15.48,5.25,38.77,2.31,36.53,10.74,8.8,219.98,9.24,8.97,6.6,3.26,13.73,5.61,28.84,6.2,3.07,3.82,43.42,4.38,29.68,41.74,60.91,161.95,149.11,96.19,100.18,85.43,402.01,44.78,138.84,96.76,107.85,73.78,85.83,68.39,124.8,72.23,46.58,119.35,5.48,157.86,140.47,58.22,123.0,72.4,81.65,184.32,20.87,336.88,162.02,51.94,51.49,83.99,40.98
2022-07-29,12.68,17.21,24.42,9.66,5.59,4.44,6.14,4.13,19.72,54.98,11.97,33.51,5.59,55.16,222.2,213.34,18.34,33.26,193.83,9.36,20.02,3.89,31.15,15.92,28.76,29.04,8.71,178.4,15.9,11.41,26.83,18.57,44.97,24.27,21.03,13.7,20.62,20.0,31.72,5.91,46.93,210.97,32.5,7.6,39.07,18.08,50.87,31.2,61.0,14.92,42.04,14.81,31.8,5.77,40.45,165.2,65.67,49.84,253.58,46.38,12.43,31.94,77.68,89.11,115.5,33.95,14.29,19.53,27.0,320.36,5.14,20.34,4.48,5.07,22.67,52.38,59.6,9.2,80.5,213.98,164.9,68.08,86.57,195.0,30.7,2.76,17.91,94.35,30.39,86.04,22.25,99.52,66.12,43.43,28.72,88.88,123.86,73.02,101.99,26.86,31.36,10.89,59.64,96.32,142.18,24.04,44.25,47.71,33.4,75.91,160.58,508.6,472.0,77.49,289.5,228.8,96.15,73.57,586.0,124.2,194.08,58.98,45.81,7.26,51.58,2.26,7.02,5.12,3.64,5.48,5.67,7.07,4.11,6.4,19.6,17.04,35.07,16.67,3.44,6.11,47.06,24.98,16.19,31.38,4.9,122.9,23.39,19.99,14.95,15.89,36.64,43.9,3.5,35.29,83.7,28.82,20.18,9.92,16.86,11.73,29.18,28.54,295.72,53.81,41.6,7.24,1898.44,18.29,42.46,25.22,32.5,20.85,98.51,3.55,8.35,41.02,24.79,21.93,68.6,61.16,146.6,3.81,274.17,9.34,40.19,10.33,35.83,49.77,23.88,6.28,7.29,7.2,14.3,58.2,8.65,13.46,13.9,6.05,10.34,61.5,51.97,26.0,28.1,52.15,9.65,10.76,10.05,20.93,17.77,4.17,7.36,14.45,4.55,19.11,5.96,8.82,14.89,2.85,42.12,4.66,4.62,29.0,7.39,6.46,5.78,4.38,4.67,20.19,3.26,27.87,34.47,4.69,5.04,7.25,13.26,11.18,3.71,5.15,15.16,175.6,8.11,13.22,4.65,2.9,6.26,15.41,5.2,41.09,2.29,36.7,10.7,8.69,209.9,8.74,8.93,6.57,3.24,13.72,5.57,28.72,6.17,3.06,3.76,42.41,4.36,28.8,40.78,58.26,163.46,146.47,93.4,98.17,82.67,389.41,43.77,135.34,92.51,105.19,70.84,84.37,69.73,120.42,69.63,45.41,118.27,5.39,153.06,138.5,57.3,121.34,70.86,81.4,175.1,20.21,326.16,159.23,50.6,50.84,82.99,40.09
2022-08-01,12.42,16.87,24.0,9.71,5.56,4.46,6.18,4.1,20.01,54.61,12.13,33.93,,54.67,224.0,234.67,20.1,33.01,195.41,9.4,19.95,3.87,31.18,15.72,28.31,29.14,8.85,178.58,15.75,11.23,26.51,18.7,46.33,24.39,20.75,13.26,20.22,19.9,33.8,5.98,45.8,213.93,32.77,7.74,40.5,18.41,51.74,29.62,62.19,15.0,42.54,14.89,32.91,5.68,39.76,169.05,65.12,48.89,256.46,46.95,12.4,31.79,77.98,92.2,117.65,35.95,14.02,19.63,27.14,330.54,5.2,20.17,4.48,4.97,22.15,55.0,58.77,9.14,79.06,223.07,163.86,68.88,88.32,196.9,33.77,2.74,18.05,101.39,31.88,85.15,21.8,97.74,67.06,42.67,30.44,89.3,128.04,71.55,102.04,27.95,31.63,11.25,62.32,96.21,148.67,24.0,44.25,48.08,32.84,75.2,168.2,534.92,479.22,78.29,292.0,250.15,96.79,76.49,600.5,133.16,192.53,60.5,46.2,7.23,54.8,2.19,6.77,5.1,3.61,5.47,5.58,7.12,4.11,6.36,19.34,17.05,34.52,16.25,3.41,6.06,46.7,24.7,16.38,31.13,4.86,127.98,23.14,20.15,14.59,16.18,38.26,44.03,3.69,35.18,82.07,28.82,19.89,9.89,16.89,11.38,29.06,28.21,293.55,53.49,41.45,7.18,1890.3,18.18,42.25,25.22,32.36,20.59,108.06,3.5,8.29,41.14,24.33,21.6,72.38,60.58,148.87,3.83,271.66,9.31,40.39,10.36,35.84,49.94,23.78,6.19,7.24,7.2,14.26,58.9,8.55,13.82,13.9,6.02,10.38,61.21,51.6,25.9,28.44,52.6,9.67,10.05,10.06,20.47,17.55,4.16,7.35,14.37,4.52,19.55,5.93,8.88,15.58,2.84,41.84,4.74,4.59,28.84,7.43,6.38,5.71,4.37,4.63,19.91,3.23,27.48,36.15,4.67,5.01,7.26,13.17,11.38,3.71,5.12,14.78,185.2,8.07,13.38,4.56,2.88,6.2,15.44,5.22,41.32,2.29,35.95,10.51,8.62,211.7,8.86,8.84,6.46,3.22,13.55,5.54,30.14,6.04,3.04,3.76,41.69,4.33,29.38,40.5,58.16,171.1,146.26,93.63,100.18,81.37,396.92,46.76,135.53,94.0,106.25,74.86,92.01,68.84,119.5,70.1,44.65,119.28,5.44,159.8,141.02,58.25,126.86,70.89,80.0,174.0,20.13,325.89,156.2,51.17,50.6,81.8,40.18
2022-08-02,12.26,16.52,23.2,9.17,5.42,4.35,6.07,4.02,22.01,53.6,11.57,32.83,,53.74,219.22,250.0,19.93,31.86,202.6,9.02,19.75,3.75,30.45,15.27,27.49,27.8,8.39,175.66,15.26,10.72,25.64,18.0,45.11,23.12,19.72,13.17,19.65,19.2,35.5,5.89,44.67,211.95,31.91,7.39,38.66,18.17,50.46,29.02,61.3,14.6,40.55,14.34,32.09,5.42,38.79,165.92,64.31,48.23,270.01,45.19,12.01,30.51,77.5,88.09,111.85,34.68,13.71,19.12,25.99,326.6,5.01,18.95,4.27,4.68,21.4,53.25,58.07,8.92,76.37,223.0,158.4,66.82,87.45,197.31,34.48,2.68,17.38,99.3,30.99,82.0,21.24,95.66,66.31,40.6,29.11,88.9,129.9,71.0,102.0,27.93,30.18,10.89,61.66,93.24,146.34,23.86,43.36,46.76,32.27,75.58,170.6,523.87,470.0,76.8,288.0,252.5,93.89,71.69,595.36,126.49,192.92,57.35,45.05,7.14,55.41,2.1,6.48,5.05,3.58,5.35,5.47,6.95,4.08,6.34,18.8,16.41,33.91,16.04,3.34,5.93,45.64,23.62,15.87,29.65,4.83,125.85,22.46,19.72,14.26,15.88,37.68,42.0,3.57,34.2,81.0,27.86,19.45,9.56,16.44,11.02,28.12,27.94,288.84,51.08,40.66,7.26,1879.98,18.42,41.09,24.09,31.32,19.9,106.28,3.05,8.05,40.05,23.83,20.74,71.22,61.04,142.02,3.69,266.5,9.12,39.55,10.12,35.3,48.98,23.62,6.03,7.04,7.01,13.89,58.81,8.24,13.78,13.48,5.97,10.32,59.59,50.78,24.79,27.97,50.69,9.67,9.39,9.91,19.27,17.38,4.12,7.18,14.08,4.31,19.17,5.84,8.51,15.22,2.81,41.17,4.59,4.57,28.06,7.05,6.2,5.6,4.35,4.42,19.49,3.12,26.55,34.39,4.58,4.92,6.89,12.82,11.22,3.7,4.94,13.97,186.3,7.77,13.12,4.51,2.84,6.1,15.05,5.12,39.6,2.23,34.34,9.96,8.39,206.26,8.64,8.6,6.23,3.18,12.85,5.49,29.56,5.87,3.02,3.76,41.2,4.28,28.8,38.61,55.75,161.38,143.7,92.02,94.94,81.8,404.21,46.6,130.66,90.07,104.13,74.41,89.49,67.27,118.0,67.7,43.7,117.69,5.22,158.6,138.35,58.0,130.3,68.71,81.3,169.65,20.18,316.41,151.0,50.86,48.6,83.84,38.98
2022-08-03,12.03,16.06,23.23,9.56,5.36,4.31,5.93,4.02,20.6,52.25,11.51,32.82,,53.9,220.6,248.0,18.57,31.82,205.17,8.78,19.25,3.74,31.11,15.11,26.8,27.52,8.28,174.59,15.08,10.62,25.33,18.15,44.32,23.3,19.56,12.84,19.55,19.13,35.51,5.63,43.64,220.85,29.4,7.27,37.7,17.77,50.93,28.51,63.36,14.76,40.71,14.36,31.09,5.38,37.86,166.0,61.57,48.18,285.45,45.63,12.86,30.87,73.45,87.04,109.8,33.67,13.68,18.8,26.44,321.99,5.08,18.91,4.21,4.66,21.14,51.57,56.72,8.88,74.22,219.66,159.1,67.0,89.95,190.6,33.48,2.66,17.17,94.06,31.07,82.1,21.0,95.22,65.0,40.47,28.03,92.06,120.2,71.12,99.84,28.02,29.91,10.66,59.06,94.85,146.48,23.03,43.16,49.19,32.53,75.19,170.0,504.0,454.0,76.91,290.2,241.0,97.12,71.78,593.89,122.21,194.5,56.45,45.12,7.07,55.58,2.12,6.31,5.01,3.61,5.25,5.2,6.92,4.06,6.15,18.75,16.12,33.06,15.39,3.31,5.85,47.25,23.2,15.89,31.49,4.76,124.13,22.49,19.64,14.14,15.87,37.61,42.15,3.43,34.7,80.8,28.14,19.3,9.52,16.3,10.57,28.55,27.58,292.23,49.69,42.45,7.11,1885.0,18.15,41.1,24.81,30.88,20.57,102.97,2.99,7.95,39.37,23.31,20.75,72.82,64.5,146.4,3.59,267.18,9.1,40.21,10.02,35.16,52.8,23.44,5.94,7.04,6.94,13.59,58.11,8.25,13.25,13.41,6.05,10.13,56.86,49.8,24.69,27.62,49.74,9.63,9.47,9.72,18.59,17.17,4.1,7.13,13.95,4.27,19.29,5.81,8.35,15.49,2.8,40.83,4.51,4.55,27.81,7.12,6.17,5.47,4.32,4.38,19.2,3.07,26.09,33.81,4.51,4.84,6.79,12.78,11.41,3.68,4.91,14.05,178.88,7.75,13.02,4.45,2.83,6.06,14.92,5.08,38.32,2.21,33.77,9.82,8.32,200.05,8.55,8.49,6.21,3.17,12.86,5.43,28.16,5.83,3.01,3.83,40.83,4.25,29.85,38.45,56.73,157.0,142.02,92.64,103.48,81.0,407.19,45.9,133.0,90.25,107.27,72.7,84.5,65.44,115.83,66.66,43.96,122.25,5.17,160.55,132.5,58.06,133.3,69.37,80.53,178.85,21.9,321.83,153.57,52.37,49.5,78.68,41.6
2022-08-04,12.16,16.23,23.57,9.7,5.43,4.33,5.97,4.04,20.59,52.5,11.59,33.1,,54.27,225.8,258.89,18.2,32.16,211.36,8.8,19.21,3.75,30.73,15.16,26.91,28.09,8.25,176.78,15.21,10.82,25.85,18.42,44.98,23.54,19.65,12.77,19.75,19.56,33.9,5.8,44.12,218.5,28.75,7.3,38.21,17.37,50.18,28.97,62.16,14.7,41.05,14.57,31.96,5.54,37.5,169.26,61.13,48.25,288.6,45.92,12.76,31.23,72.49,89.06,113.4,34.58,13.67,18.98,26.75,326.8,5.14,18.99,4.26,4.77,21.27,51.79,57.95,8.92,75.09,213.5,173.8,67.28,89.34,187.0,32.94,2.68,17.31,95.82,31.29,82.85,21.23,98.0,65.14,41.34,28.5,95.06,118.08,70.45,105.26,27.18,30.12,10.81,58.31,94.7,140.74,23.15,44.08,49.71,33.2,74.48,174.23,500.9,451.8,77.92,292.9,238.2,100.45,72.88,583.0,120.2,189.0,56.08,45.51,7.09,56.94,2.11,6.52,5.03,3.64,5.32,5.22,7.0,4.07,6.2,18.84,16.31,33.66,15.33,3.35,5.91,49.35,23.98,15.92,31.64,4.74,122.35,22.22,20.19,14.27,16.04,37.32,42.85,3.45,36.71,80.69,28.58,19.28,9.59,16.27,10.22,29.25,27.32,297.09,50.32,42.65,7.08,1916.01,18.02,41.42,26.3,31.19,20.98,103.58,3.02,8.01,38.93,23.3,20.28,74.45,63.4,145.51,3.67,273.8,9.19,40.5,10.24,35.58,52.09,23.85,6.01,7.06,6.94,13.67,60.45,8.32,13.36,13.49,6.09,10.38,55.76,49.5,25.07,27.61,50.4,9.6,9.4,9.89,19.15,17.44,4.12,7.18,14.05,4.32,19.03,5.82,8.56,14.98,2.86,41.08,4.55,4.57,28.4,7.23,6.21,5.55,4.37,4.4,19.39,3.09,26.53,32.47,4.52,4.86,6.87,12.91,11.43,3.68,4.93,14.18,169.78,7.75,12.96,4.52,2.83,6.08,15.01,5.07,38.41,2.22,34.06,9.96,8.47,200.45,8.57,8.55,6.27,3.19,12.97,5.46,28.26,6.04,3.03,3.77,41.68,4.26,30.28,39.43,58.35,151.8,142.81,95.36,112.81,82.7,400.01,47.15,133.75,89.95,113.76,72.39,83.4,65.0,115.66,67.82,43.8,124.58,5.2,160.76,131.6,59.21,136.0,70.18,83.18,184.57,21.86,319.4,150.09,53.48,50.76,80.37,42.49
2022-08-05,12.31,16.46,25.38,10.32,5.51,4.46,6.05,4.02,21.01,52.97,11.81,33.42,,54.53,225.48,253.1,17.76,30.73,232.5,8.87,19.43,3.84,30.85,15.63,27.4,28.59,8.36,179.18,15.31,10.96,26.7,19.16,45.59,25.06,19.77,12.89,20.26,20.28,33.8,5.89,45.01,220.18,27.67,7.46,38.81,17.3,50.72,29.54,61.7,14.6,42.2,15.03,33.28,5.61,38.47,168.84,60.8,48.82,317.46,47.42,12.93,32.5,72.6,90.95,116.88,34.72,14.71,19.72,27.49,324.49,5.22,19.38,4.41,4.78,21.84,52.66,58.41,9.05,77.59,215.55,173.22,68.29,92.78,185.3,33.47,2.7,18.05,96.78,31.14,86.03,21.78,99.72,63.57,43.39,29.23,100.03,115.4,71.69,106.44,28.6,31.78,11.13,57.7,105.22,141.47,23.16,44.94,50.11,35.28,75.75,182.33,505.65,453.39,79.47,299.17,237.39,107.0,70.65,585.94,121.44,192.01,58.75,48.15,7.15,56.62,2.14,6.48,5.08,3.68,5.37,5.27,7.09,4.08,6.22,19.3,16.5,34.3,15.36,3.39,6.01,49.16,24.1,16.08,32.99,4.77,123.49,22.48,20.75,14.61,16.56,35.96,43.35,3.46,38.03,82.32,28.72,19.81,9.72,16.99,10.41,28.98,27.22,298.67,50.83,46.92,7.32,1923.96,18.54,44.47,28.56,32.03,22.19,103.04,3.07,8.12,39.18,23.45,20.62,77.63,63.0,152.35,3.69,275.53,9.42,41.8,10.25,36.36,51.22,24.08,6.0,7.19,7.01,13.77,61.15,8.63,13.55,14.04,6.11,10.36,56.73,49.65,25.6,27.29,51.3,9.58,9.29,9.59,19.42,17.6,4.13,7.26,14.27,4.38,18.55,5.87,8.71,15.17,2.86,41.54,4.6,4.6,28.95,7.57,6.36,5.58,4.39,4.49,19.69,3.13,26.84,31.73,4.57,4.91,6.94,12.76,11.41,3.7,5.0,14.24,168.35,7.86,13.1,4.55,2.84,6.12,15.02,5.05,38.92,2.24,35.07,10.2,8.68,198.9,8.52,8.82,6.38,3.23,13.22,5.5,27.82,6.09,3.04,3.76,42.22,4.29,33.0,40.87,62.49,154.05,144.64,95.74,112.0,83.2,440.01,47.18,137.26,90.75,116.83,73.05,84.8,66.95,117.23,70.1,45.22,130.08,5.27,159.5,129.84,62.91,147.5,74.24,86.0,202.16,23.29,334.58,154.5,57.21,54.56,78.86,44.34
2022-08-08,12.2,16.27,25.06,10.35,5.48,4.43,6.04,4.07,22.3,52.43,11.89,34.1,,54.85,221.95,255.0,18.08,30.55,222.05,9.03,19.76,3.86,32.01,15.67,27.23,28.59,8.58,177.91,15.21,11.06,26.81,19.12,43.45,25.2,20.0,12.7,20.27,20.28,34.43,5.75,45.2,233.98,30.44,7.77,39.09,17.04,49.86,29.39,62.3,15.06,41.94,15.07,33.05,5.79,38.7,167.1,60.93,48.64,324.88,49.31,13.5,32.53,73.4,91.19,118.19,35.51,15.35,19.73,26.2,321.35,5.19,19.25,4.57,4.7,22.18,52.33,57.87,9.03,77.7,213.01,174.99,68.65,92.55,188.18,32.87,2.71,18.08,96.19,30.52,86.44,21.67,96.95,62.37,43.6,28.97,96.99,118.58,70.05,104.36,28.07,31.7,11.06,57.7,107.03,144.18,22.84,44.73,46.2,35.2,75.17,183.25,501.5,452.5,75.15,301.7,246.45,104.5,68.99,576.0,125.0,187.83,59.31,46.95,7.12,57.02,2.14,6.62,5.06,3.63,5.4,5.35,7.14,4.1,6.14,19.43,16.6,33.91,15.11,3.44,6.01,49.81,23.97,16.2,32.99,4.72,118.85,22.93,20.61,14.7,16.52,38.74,43.68,3.55,38.09,81.72,28.72,20.34,9.74,17.12,10.26,28.91,28.77,299.43,50.59,46.19,7.29,1911.53,18.35,43.92,28.85,32.55,21.77,103.99,3.14,8.06,39.04,23.52,20.66,74.58,64.47,152.76,3.83,276.77,9.44,42.2,10.37,36.34,52.9,24.14,5.99,7.18,6.95,13.69,59.9,8.71,13.67,13.41,6.08,10.58,56.55,48.96,25.54,27.89,51.6,9.31,9.04,9.62,19.57,17.52,4.13,7.25,14.29,4.39,19.9,5.85,8.58,15.31,2.84,41.18,4.58,4.58,28.81,7.76,6.35,5.57,4.35,4.5,19.56,3.13,26.5,32.33,4.54,4.89,6.98,12.81,11.35,3.7,5.03,14.41,167.42,7.81,13.01,4.53,2.83,6.11,15.06,5.06,39.06,2.22,35.3,10.28,8.69,189.59,8.76,8.72,6.42,3.23,13.5,5.48,26.84,6.11,3.03,3.79,42.22,4.29,33.43,40.95,61.34,154.65,144.69,94.1,112.56,82.86,443.0,46.89,139.13,89.55,113.48,71.9,84.85,67.59,115.75,70.29,44.81,127.72,5.35,158.8,127.99,61.78,144.9,72.55,86.5,198.89,22.42,338.0,150.48,56.55,55.41,79.0,43.0
2022-08-09,12.12,16.23,25.15,10.24,5.46,4.43,5.98,4.04,22.93,52.66,11.9,34.13,,54.2,220.19,254.51,17.48,30.61,223.8,9.06,20.59,3.86,32.4,15.56,27.03,28.57,8.5,176.98,14.93,10.93,26.36,18.94,43.95,24.93,19.9,12.74,19.99,20.11,34.4,5.79,44.59,235.0,29.65,7.92,39.62,17.48,51.59,29.07,64.1,14.98,41.66,15.12,32.51,5.79,38.05,166.05,59.28,48.97,325.88,48.61,13.66,32.66,75.99,92.39,119.45,35.38,15.05,19.54,24.39,319.72,5.2,19.19,4.54,4.64,22.38,54.02,56.17,8.98,75.51,212.91,175.67,68.32,92.52,185.0,32.89,2.69,17.91,98.38,30.32,85.87,21.61,96.71,62.66,43.45,29.51,94.35,128.15,71.94,103.54,28.03,31.62,11.11,58.01,103.9,147.4,22.25,44.52,45.9,34.67,75.77,182.89,511.56,467.56,75.33,299.98,248.9,104.73,68.53,581.0,125.05,188.8,60.01,46.9,7.12,56.98,2.16,6.56,5.11,3.61,5.4,5.34,7.04,4.11,6.21,19.38,16.46,33.6,15.13,3.53,6.01,49.64,24.49,16.16,32.85,4.77,120.43,23.01,20.64,14.78,16.64,40.78,42.6,3.55,37.33,81.62,28.44,20.22,9.78,17.09,10.17,28.73,28.9,296.4,52.2,46.64,7.3,1910.0,18.22,43.05,29.55,32.5,21.64,109.5,3.08,8.1,38.6,23.48,20.42,74.3,67.02,148.99,3.77,276.89,9.34,41.85,10.18,36.38,54.6,24.03,5.95,7.19,6.9,13.5,60.8,8.64,13.83,13.36,6.17,10.46,58.08,48.86,25.31,28.49,51.5,9.62,8.98,9.69,19.4,17.45,4.13,7.22,14.26,4.36,20.38,5.82,8.43,15.2,2.84,40.96,4.54,4.57,28.86,7.73,6.32,5.52,4.34,4.51,19.56,3.13,26.29,32.27,4.51,4.85,6.97,12.77,11.7,3.73,5.03,14.31,162.33,7.74,13.26,4.5,2.83,6.08,14.85,5.1,41.33,2.23,35.07,10.2,8.71,197.46,9.1,8.79,6.37,3.21,13.53,5.49,25.97,6.15,3.02,3.8,41.46,4.28,32.69,40.92,61.82,164.29,144.4,93.75,123.82,82.04,438.0,46.92,136.66,90.98,113.96,73.18,87.11,74.35,117.12,69.38,43.91,128.8,5.36,156.91,128.5,63.9,144.21,69.75,85.36,192.0,22.47,335.19,150.45,57.34,55.22,82.82,43.11
2022-08-10,12.06,16.1,24.87,10.28,5.35,4.39,5.97,4.04,24.09,51.83,11.77,34.05,,53.8,215.32,254.3,17.38,30.42,216.28,9.2,20.96,3.86,31.95,15.45,26.77,28.75,8.48,174.0,14.8,10.87,25.97,18.8,44.74,24.78,19.69,12.88,19.69,19.99,34.78,5.69,44.07,241.08,31.33,7.9,38.42,17.0,50.92,28.56,65.14,15.03,40.7,14.98,32.14,5.8,36.3,166.48,59.08,48.03,331.5,47.59,13.38,32.79,74.44,90.5,117.78,34.69,15.99,19.18,24.46,308.35,5.26,19.07,4.47,4.58,22.85,52.48,55.76,8.98,74.13,208.66,170.1,68.15,92.62,167.23,31.13,2.68,17.75,94.02,29.43,85.0,21.32,92.93,62.74,44.01,28.67,91.81,128.8,71.23,100.4,27.67,30.7,10.88,57.13,103.0,137.88,22.08,43.95,44.87,34.38,74.58,176.5,503.98,477.5,72.97,295.77,253.0,102.75,67.05,569.1,120.0,184.2,59.72,46.06,7.09,55.89,2.15,6.45,5.14,3.59,5.37,5.27,7.02,4.11,6.09,19.48,16.15,33.15,14.92,3.57,5.99,49.08,23.84,16.16,32.44,4.72,114.45,22.8,20.34,14.73,16.39,40.79,42.48,3.57,36.85,81.81,27.53,20.82,9.77,17.02,9.94,28.5,29.28,293.04,51.35,45.3,7.46,1876.0,18.88,41.92,28.53,32.37,21.29,105.04,3.04,8.03,37.68,22.8,20.16,72.24,67.6,145.0,3.74,273.07,9.29,40.95,10.11,35.95,54.29,23.89,5.88,7.21,6.82,13.38,60.76,8.6,14.22,13.34,6.14,10.46,57.74,47.76,25.32,28.35,50.46,9.32,9.05,9.57,19.04,17.35,4.12,7.17,14.25,4.33,20.02,5.82,8.36,14.85,2.84,40.4,4.51,4.57,26.88,7.66,6.31,5.49,4.33,4.56,19.39,3.17,26.0,31.63,4.5,4.82,6.96,12.79,11.53,3.72,5.05,14.24,155.88,7.66,13.2,4.49,2.82,6.09,14.69,5.13,40.8,2.22,34.86,10.21,8.66,196.0,8.94,8.84,6.36,3.2,13.41,5.46,25.25,6.11,3.02,3.75,41.04,4.26,33.36,40.18,60.24,165.99,141.22,91.15,126.5,78.03,432.73,46.97,134.57,87.02,110.95,71.46,82.83,76.08,115.4,68.7,43.13,125.95,5.37,153.96,124.08,61.65,143.8,66.37,83.66,190.44,22.48,330.91,145.09,56.42,55.07,83.41,42.5
2022-08-11,12.35,16.28,25.28,10.39,5.46,4.5,6.12,4.18,23.56,52.92,12.0,33.78,,54.68,220.84,250.29,17.49,30.83,225.04,9.35,21.16,3.94,32.02,16.34,27.23,28.88,8.57,177.91,15.02,11.03,26.53,19.13,44.39,25.15,20.13,13.23,20.32,20.45,36.2,5.96,45.25,238.72,30.13,7.91,39.5,17.63,51.7,29.22,65.06,15.17,41.24,15.37,35.35,5.85,37.24,168.33,59.21,49.49,333.58,48.8,13.37,33.33,74.21,91.49,117.5,38.16,16.03,19.89,25.25,315.02,5.79,19.31,4.63,4.7,23.37,56.2,56.25,9.31,77.79,213.39,178.29,69.74,95.29,162.25,33.0,2.71,18.18,98.58,30.07,89.92,22.99,99.02,63.0,44.17,30.61,94.37,126.2,70.0,108.59,29.08,32.03,11.74,58.04,104.26,135.2,22.2,45.63,48.1,35.48,76.32,180.73,510.0,474.25,76.62,302.21,250.0,106.66,70.36,579.0,120.9,194.74,60.13,47.1,7.18,56.76,2.17,6.61,5.16,3.65,5.47,5.37,7.07,4.14,6.18,20.17,16.75,34.36,15.28,3.59,6.22,49.55,24.12,16.36,33.06,4.78,116.55,24.74,20.95,14.84,16.83,40.97,42.94,3.59,37.43,83.34,27.6,20.87,9.87,17.3,10.14,28.62,29.07,298.98,52.06,45.33,7.37,1906.9,18.63,43.66,29.14,32.72,21.8,106.48,3.1,8.15,39.16,23.48,20.55,74.58,67.87,150.03,3.82,277.85,9.6,40.91,10.26,36.5,53.8,24.0,5.96,7.48,6.95,13.47,61.35,9.03,14.25,13.87,6.17,10.51,58.0,48.36,27.45,28.45,54.09,9.48,9.13,9.81,19.54,17.85,4.16,7.27,14.68,4.45,20.03,5.88,8.9,15.32,2.85,41.46,4.63,4.6,28.14,7.8,6.74,5.58,4.36,4.59,20.02,3.19,27.51,31.86,4.57,4.88,7.06,13.26,11.6,3.74,5.14,15.66,155.21,7.81,13.27,4.59,2.86,6.13,14.6,5.19,40.73,2.25,35.24,11.12,9.01,201.19,9.07,9.03,6.59,3.27,13.59,5.5,25.8,6.25,3.05,3.84,43.48,4.31,32.75,40.97,62.9,162.3,144.25,94.51,137.15,79.2,426.99,47.0,139.15,93.0,119.0,72.99,82.82,76.5,116.3,69.9,44.41,128.47,5.41,156.6,125.1,61.52,146.75,76.97,83.77,191.6,22.62,358.72,148.94,57.34,55.5,83.4,43.48
2022-08-12,12.38,16.38,25.06,10.46,5.48,4.46,6.16,4.19,23.23,53.16,11.96,33.89,,54.97,224.68,250.3,17.04,30.89,229.75,9.66,21.16,3.95,31.4,16.29,27.54,28.96,8.53,178.7,15.07,11.09,26.8,18.95,43.08,24.83,20.23,13.59,21.16,20.55,35.45,5.93,45.36,233.0,29.29,7.99,38.52,17.8,50.58,29.84,63.3,14.96,41.21,15.25,35.8,5.91,38.01,175.01,59.03,49.79,326.1,49.82,13.08,33.41,73.4,91.7,115.11,36.96,16.31,20.18,25.28,311.93,5.81,19.48,4.69,4.74,25.71,55.88,55.75,9.3,79.7,212.92,181.27,70.22,93.42,162.95,32.8,2.73,18.35,96.53,30.07,88.06,22.95,98.4,62.5,44.36,29.91,91.98,123.38,67.63,108.51,28.5,32.01,11.52,56.1,103.82,134.23,22.15,45.99,46.68,36.22,75.9,178.0,502.0,465.0,76.96,306.15,244.53,104.13,68.51,567.2,120.89,195.2,60.89,47.09,7.24,58.0,2.19,6.87,5.16,3.64,5.5,5.38,7.04,4.15,6.34,20.06,16.8,34.37,15.55,3.59,6.29,49.41,23.89,16.39,33.0,4.87,117.93,24.5,21.13,15.04,16.97,42.36,43.91,3.67,37.44,87.87,27.88,21.24,9.91,17.35,10.25,28.1,29.25,300.01,51.12,44.53,7.43,1928.0,18.86,43.32,29.0,32.88,21.61,104.5,3.12,8.24,39.04,23.68,20.43,72.49,66.1,148.87,3.93,283.27,9.57,40.05,10.36,36.62,52.04,24.23,6.03,7.46,6.97,13.54,63.17,9.04,14.1,13.84,6.22,10.54,58.58,48.94,26.85,28.94,55.0,10.02,9.12,9.67,19.69,17.87,4.15,7.31,14.6,4.45,20.91,5.89,8.79,14.9,2.83,41.61,4.65,4.6,28.13,7.76,6.52,5.62,4.36,4.66,20.11,3.23,27.95,31.55,4.56,4.92,7.17,13.24,11.39,3.75,4.98,15.9,152.99,7.87,13.77,4.62,2.87,6.13,14.92,5.24,39.24,2.25,35.08,10.94,9.03,195.66,9.27,9.19,6.87,3.26,13.77,5.52,25.73,6.3,3.04,3.79,43.39,4.31,29.87,41.32,62.63,158.49,143.0,94.74,136.6,79.98,414.73,47.11,138.13,93.88,111.92,71.03,82.2,73.2,118.6,70.28,45.6,126.7,5.46,156.1,120.7,59.6,142.69,73.75,79.77,188.1,22.03,362.39,147.73,56.75,54.55,83.08,42.71
2022-08-15,12.11,16.29,24.69,10.27,5.38,4.51,6.15,4.16,23.72,52.8,11.95,34.99,,54.51,220.0,250.55,16.94,30.89,222.6,9.43,20.69,3.94,31.23,16.4,26.89,29.07,8.53,176.0,15.12,11.03,26.83,18.8,42.4,24.55,20.38,13.32,21.38,20.19,34.49,5.8,44.7,234.6,31.06,8.0,39.67,17.79,55.64,28.88,63.62,15.03,40.42,14.84,35.31,5.85,37.66,172.3,58.41,49.91,327.4,49.6,13.16,31.8,76.2,93.78,120.09,37.29,16.4,19.93,24.94,315.21,5.61,19.56,4.62,4.68,27.01,57.7,55.96,9.21,76.38,215.8,176.32,69.84,93.02,159.98,32.55,2.75,18.05,104.95,29.54,87.33,22.91,97.12,63.06,43.48,31.14,91.17,130.98,75.72,104.02,28.02,32.01,11.39,57.86,103.11,132.79,22.07,45.83,45.16,35.46,74.56,175.05,516.1,480.36,75.19,299.29,256.5,98.0,66.43,557.8,121.38,185.0,59.75,46.43,7.21,56.77,2.22,7.07,5.11,3.62,5.49,5.37,7.1,4.14,6.25,19.95,16.65,33.73,15.64,3.55,6.23,48.62,24.74,16.34,33.6,4.79,117.26,24.8,21.17,14.99,17.13,43.83,43.37,3.67,36.9,88.05,27.94,20.69,9.87,17.3,10.18,28.6,29.57,298.1,53.31,44.48,7.42,1919.89,18.72,42.61,28.49,32.67,21.23,103.66,3.08,8.26,39.13,23.61,20.43,70.67,66.17,135.43,4.06,277.88,9.52,39.31,10.36,36.25,52.43,24.01,6.06,7.4,6.87,13.27,63.18,8.96,14.29,13.56,6.22,10.46,60.06,48.19,26.69,29.22,52.26,9.86,9.35,9.56,19.32,17.56,4.12,7.31,14.61,4.46,21.05,5.85,8.53,14.73,2.83,41.14,4.63,4.58,27.93,7.65,6.39,5.57,4.34,4.61,19.98,3.21,27.18,31.31,4.52,4.88,7.32,13.13,11.25,3.76,4.99,15.47,151.7,7.92,13.59,4.55,2.85,6.12,14.26,5.19,40.93,2.26,35.3,10.85,8.94,194.75,9.27,9.04,6.75,3.25,13.52,5.48,25.82,6.41,3.03,3.78,43.56,4.3,28.96,40.68,61.7,172.0,142.05,94.47,149.0,79.0,415.03,46.49,135.87,93.29,107.75,72.19,83.3,74.95,114.57,69.06,44.54,124.79,5.53,154.73,118.6,58.51,139.81,71.63,79.7,186.66,21.81,353.73,146.18,56.32,53.62,84.48,41.84
2022-08-16,12.13,16.53,24.33,10.14,5.4,4.47,6.15,4.18,23.05,52.6,11.87,34.82,,54.51,218.39,249.48,17.25,30.86,217.17,9.32,20.18,3.91,31.09,16.39,27.05,28.52,8.55,175.23,15.47,11.13,26.89,18.5,41.95,24.21,20.8,13.41,21.28,20.19,34.44,5.83,44.8,236.08,30.37,7.95,39.66,17.76,54.45,28.87,63.54,15.26,39.84,14.75,35.56,5.83,38.11,172.3,59.0,49.65,313.88,48.55,12.94,31.42,76.77,92.41,116.68,36.63,15.92,19.91,24.53,318.92,5.53,19.5,4.6,4.63,28.3,57.78,57.4,9.18,81.82,223.0,175.47,69.19,92.0,165.0,32.12,2.75,17.89,104.34,28.92,86.87,22.89,95.49,64.8,42.52,30.89,88.02,131.5,76.2,102.26,27.85,30.72,11.42,60.46,102.0,135.53,22.97,45.01,44.9,34.99,73.52,169.92,523.8,514.94,75.12,298.5,256.6,97.5,66.82,553.0,122.82,181.56,59.7,46.71,7.19,57.05,2.19,7.21,5.1,3.63,5.45,5.36,7.11,4.12,6.23,19.94,16.6,33.91,15.73,3.54,6.24,48.58,25.6,16.38,32.58,4.81,114.92,25.61,20.93,15.0,17.44,42.88,43.1,3.62,36.45,86.39,27.84,20.38,9.84,17.19,10.78,28.57,29.02,296.4,53.56,43.7,7.35,1917.84,18.44,41.07,28.29,32.75,20.83,102.96,3.14,8.19,39.1,23.62,20.3,69.98,66.16,132.15,4.11,268.79,9.48,39.43,10.32,36.31,52.0,23.9,6.1,7.39,6.83,13.26,62.16,8.94,14.12,13.45,6.19,10.36,60.39,49.34,26.54,29.19,51.48,9.99,9.72,9.48,20.36,17.57,4.12,7.28,14.56,4.44,20.96,5.85,8.54,14.74,2.82,40.99,4.62,4.58,27.67,7.6,6.31,5.59,4.33,4.57,19.86,3.21,26.77,31.44,4.53,4.92,7.34,13.11,11.18,3.75,4.97,15.68,156.72,7.88,13.36,4.55,2.84,6.1,14.3,5.14,40.73,2.25,36.25,10.96,8.93,190.18,9.16,9.03,6.69,3.23,13.48,5.47,25.5,6.41,3.03,3.8,43.4,4.31,28.63,40.33,61.01,182.03,141.99,91.0,147.4,78.9,418.6,46.05,135.22,92.85,107.45,73.71,81.15,74.67,114.42,68.9,44.43,123.5,5.41,160.0,112.07,56.45,138.69,70.69,81.55,177.0,21.83,361.33,143.57,56.28,52.81,86.88,41.63
2022-08-17,12.4,16.88,24.92,10.15,5.48,4.61,6.14,4.24,22.55,53.43,11.99,35.05,5.47,55.01,221.98,255.7,17.46,30.98,224.55,9.25,19.3,3.96,31.09,16.57,27.23,28.73,8.94,176.2,15.43,11.09,26.66,18.56,42.68,24.49,22.88,14.47,21.9,20.15,36.93,5.92,45.16,235.2,30.04,7.86,41.2,18.81,54.5,29.53,62.65,15.14,40.26,14.86,36.99,5.77,37.5,174.7,58.4,50.59,315.08,49.52,13.02,31.65,75.3,91.12,114.97,38.42,15.41,20.25,24.54,327.93,5.87,19.07,4.68,4.71,26.56,55.6,57.6,9.29,82.35,218.98,178.35,70.15,92.89,165.0,33.82,2.78,17.97,110.8,29.16,88.42,23.38,96.02,64.14,42.88,32.15,88.45,135.0,76.1,106.33,28.62,30.59,12.09,62.91,101.09,134.5,23.1,45.22,45.62,35.06,73.61,171.55,547.0,517.0,74.51,300.5,262.17,102.4,67.28,571.6,115.2,184.39,60.44,46.65,7.28,57.49,2.18,7.43,5.15,3.66,5.49,5.37,7.12,4.15,6.33,20.2,16.65,34.24,16.36,3.56,6.33,48.55,25.64,16.56,32.28,4.86,115.38,26.91,21.01,14.95,17.39,42.61,43.18,3.63,36.63,86.0,28.01,20.1,9.87,17.12,11.32,28.93,28.85,299.02,54.8,44.11,7.39,1918.0,18.38,41.45,28.17,32.76,21.18,104.72,3.16,8.33,39.27,24.32,20.67,70.92,65.04,132.89,4.12,269.4,9.6,39.1,10.41,36.34,51.4,23.56,6.29,7.49,6.91,13.44,62.25,9.04,14.17,13.58,6.23,10.55,60.61,49.86,27.28,29.06,51.15,10.14,9.59,9.65,20.6,17.9,4.14,7.34,14.71,4.47,20.92,5.9,8.7,14.78,2.83,41.29,4.68,4.6,28.14,7.62,,5.61,4.34,4.65,20.08,3.21,27.69,31.9,4.54,4.98,7.47,13.26,11.21,3.77,5.02,16.54,161.11,7.93,13.49,4.6,2.86,6.15,14.48,5.16,40.27,2.27,36.15,11.24,9.06,193.16,9.18,9.02,6.83,3.25,13.49,5.5,25.5,6.49,3.04,3.9,43.92,4.35,29.02,40.29,60.95,178.65,142.88,91.94,137.03,79.14,420.51,46.43,135.0,92.73,108.0,72.9,81.53,74.68,116.43,69.2,44.25,123.25,5.32,155.01,114.31,56.41,139.0,75.89,79.65,177.67,21.65,365.0,146.99,56.31,52.54,82.84,41.79
2022-08-18,12.25,16.79,24.7,10.15,5.4,4.58,6.06,4.18,22.04,52.62,11.77,35.04,5.39,54.34,215.8,251.8,17.04,30.43,202.1,9.0,18.62,3.96,31.2,16.48,26.87,28.39,9.27,173.43,15.03,10.88,26.2,18.29,41.45,24.16,21.85,14.3,21.6,19.74,36.82,5.85,44.73,234.49,31.18,7.74,43.14,18.96,55.24,28.72,62.84,15.07,39.44,14.72,37.62,5.75,37.42,168.8,60.15,49.72,315.63,49.3,13.3,31.3,76.65,90.47,113.92,38.23,15.22,19.54,23.88,326.04,5.96,18.73,4.63,4.59,25.27,54.79,55.65,9.24,85.32,206.87,174.43,70.47,93.8,169.0,33.87,2.73,17.63,113.13,28.68,86.57,23.09,92.8,65.02,42.08,33.05,89.4,140.04,84.01,104.82,28.88,29.51,12.66,62.6,99.98,136.34,22.61,44.91,44.45,34.31,73.65,170.69,544.8,525.1,72.54,295.4,282.98,102.88,65.25,547.12,112.56,179.98,59.43,46.09,7.21,56.7,2.13,7.2,5.1,3.65,5.41,5.31,7.03,4.13,6.23,20.02,16.38,33.72,16.21,3.52,6.37,48.0,25.83,16.36,32.3,4.82,114.0,26.97,20.75,14.8,17.13,42.7,42.78,3.73,36.04,84.99,27.85,20.02,9.72,16.96,11.09,28.97,28.19,294.8,57.17,44.91,7.27,1895.5,18.06,31.28,28.41,31.62,20.88,104.97,3.1,8.22,39.32,24.0,20.51,70.74,65.19,130.76,3.76,266.57,9.58,38.93,10.21,36.0,51.14,23.4,6.21,7.43,6.78,13.13,62.7,8.98,13.98,13.49,6.22,10.31,60.93,48.88,26.54,28.98,50.46,9.93,9.45,9.61,20.66,17.65,4.12,7.23,14.58,4.39,20.55,5.86,8.95,14.7,2.82,40.81,4.63,4.57,27.8,7.56,,5.52,4.32,4.57,19.89,3.18,27.14,31.28,4.51,4.91,7.27,13.15,11.1,3.77,4.97,16.16,160.1,7.77,13.41,4.55,2.84,6.12,14.18,5.11,40.03,2.24,36.7,11.22,9.0,188.62,9.04,8.89,6.84,3.24,13.34,5.47,25.3,6.42,3.02,3.86,43.25,4.33,29.02,39.63,61.95,179.14,151.45,90.79,137.71,78.08,431.4,45.78,132.73,90.4,108.11,69.21,80.16,72.82,114.1,66.16,43.2,123.67,5.26,151.9,112.8,55.95,139.8,79.86,80.08,172.33,22.26,344.86,140.8,57.95,54.3,85.0,41.88
2022-08-19,12.57,17.01,24.68,9.89,5.43,4.53,6.02,4.19,22.65,52.61,11.64,31.65,5.37,54.01,216.3,248.28,16.42,30.46,193.6,8.92,18.28,3.95,30.38,16.34,27.07,28.15,8.82,173.66,15.45,10.87,26.21,18.38,40.58,23.81,24.04,14.91,21.47,19.63,33.5,5.93,44.91,227.65,29.4,7.71,41.4,18.87,53.78,28.71,61.82,15.09,38.94,14.41,36.5,5.69,36.72,170.85,62.9,49.88,306.62,48.67,14.63,30.97,69.07,89.09,109.2,37.4,15.19,19.94,23.45,319.39,5.76,18.31,4.7,4.7,24.85,51.75,58.28,9.2,88.12,197.9,171.76,69.95,94.17,158.4,33.32,2.8,17.49,110.8,28.37,85.31,22.9,93.12,62.4,44.62,32.24,86.51,138.37,82.06,103.5,28.65,29.54,12.52,61.17,98.65,128.32,24.34,44.4,43.31,35.23,72.66,170.34,532.0,522.98,71.66,289.5,283.98,100.25,64.38,544.5,104.53,177.51,58.94,45.89,7.2,56.44,2.13,7.92,5.1,3.63,5.25,5.35,7.19,4.14,6.29,19.98,16.26,33.85,16.81,3.58,6.41,47.08,25.96,16.27,31.33,4.81,110.5,26.27,20.6,14.8,17.0,44.63,42.62,3.66,35.9,84.88,27.76,19.99,9.67,16.85,11.53,28.65,27.89,293.4,59.96,43.19,7.21,1895.01,17.92,31.22,27.14,31.9,20.39,103.52,3.13,8.15,38.99,24.31,20.22,68.71,63.55,124.65,4.0,265.04,9.52,38.01,10.74,35.78,49.68,23.59,6.38,7.41,6.91,13.29,63.62,8.93,13.55,13.37,6.26,10.36,56.12,49.45,26.57,29.7,50.07,10.04,9.34,9.52,21.51,17.8,4.12,7.27,14.56,4.37,21.08,5.86,8.83,14.26,2.83,40.97,4.63,4.57,27.79,7.49,,5.59,4.33,4.49,19.89,3.19,27.17,30.59,4.52,4.95,7.36,13.12,10.9,3.8,4.98,16.2,154.82,7.86,13.62,4.57,2.84,5.79,14.24,5.18,40.42,2.28,36.25,11.11,9.01,188.0,9.42,8.84,6.87,3.24,13.58,5.47,24.93,6.63,3.03,3.82,42.49,4.35,28.42,39.3,59.05,169.31,154.5,90.41,130.15,78.17,415.6,45.41,133.12,89.36,105.45,66.4,79.27,70.17,116.11,67.47,43.75,119.3,5.24,150.39,109.4,54.98,136.8,77.41,77.61,170.12,21.57,343.0,140.01,56.38,53.18,72.19,40.99
2022-08-22,12.5,17.05,24.86,9.9,5.46,4.58,6.03,4.17,21.84,53.04,11.7,32.85,5.28,54.33,218.99,250.5,16.87,30.49,187.0,9.05,18.95,3.95,30.38,16.31,27.37,28.9,8.79,171.5,15.5,10.87,26.27,18.29,41.56,23.88,23.88,14.95,22.97,19.59,33.06,5.89,44.95,229.99,29.38,7.79,42.46,18.74,54.65,28.6,62.7,14.19,39.1,15.22,37.44,5.73,35.25,173.97,62.61,50.68,308.49,50.18,14.99,30.99,67.04,93.81,120.12,38.38,15.24,20.55,23.45,323.09,5.8,18.84,4.72,4.64,25.63,53.93,58.81,9.19,91.33,205.75,174.3,72.06,92.88,163.42,33.65,2.83,17.59,116.05,28.56,85.1,22.67,94.02,62.76,43.59,32.84,86.5,139.9,81.69,102.05,29.09,29.6,12.35,61.64,99.6,131.89,24.81,43.88,44.05,34.46,74.18,167.06,551.53,535.0,72.3,299.03,275.89,99.9,66.49,555.5,109.34,182.2,58.91,46.0,7.23,56.1,2.13,7.94,5.11,3.62,5.38,5.37,7.19,4.17,6.39,19.95,16.29,33.62,16.7,3.58,6.33,48.38,25.62,16.47,31.59,4.86,110.59,27.68,21.05,14.95,17.07,45.19,42.44,3.7,35.04,89.36,27.47,19.97,9.95,17.15,11.75,28.87,28.93,292.46,61.18,42.77,7.24,1893.98,17.95,31.17,26.96,32.18,21.22,102.97,3.15,8.16,39.74,24.4,20.48,69.18,64.78,122.4,3.94,265.43,9.5,39.19,10.8,35.87,50.71,23.48,6.38,7.34,6.88,13.26,65.2,8.84,14.04,13.18,6.27,10.5,53.41,49.99,26.4,30.15,51.6,10.26,9.42,9.52,21.25,17.76,4.12,7.34,14.6,4.41,21.63,5.85,8.72,14.68,2.82,41.15,4.64,4.58,27.8,7.51,,5.69,4.33,4.63,19.8,3.24,27.07,33.65,4.51,5.02,7.77,13.13,10.94,3.83,5.0,15.87,152.36,8.02,14.0,4.57,2.85,5.68,14.5,5.23,41.37,2.3,36.36,11.06,8.95,193.13,9.63,9.05,6.86,3.25,13.71,5.46,24.7,6.69,3.02,3.86,42.23,4.35,28.25,38.91,59.07,164.8,152.05,91.22,129.66,78.33,409.0,45.93,132.7,90.15,104.99,68.95,83.64,70.51,120.9,68.54,43.58,119.66,5.36,152.72,113.73,55.96,139.6,80.39,78.16,172.21,21.42,346.47,141.21,55.63,52.77,71.34,41.09
2022-08-23,12.34,16.86,24.54,9.93,5.42,4.56,5.98,4.18,22.35,52.12,11.59,32.18,5.25,53.9,215.0,245.49,16.39,30.23,182.62,9.64,18.88,3.91,30.0,16.34,26.18,28.8,8.65,168.0,15.54,10.67,26.0,18.06,41.1,23.88,24.0,14.26,24.23,20.03,33.77,5.79,44.31,242.0,29.69,7.82,43.25,18.21,55.27,27.7,62.9,13.64,39.46,15.02,36.72,5.69,31.74,170.59,63.1,49.73,299.78,50.8,15.11,30.82,69.48,92.92,121.07,38.37,15.01,20.44,22.99,321.61,5.76,18.68,4.66,4.56,25.2,54.51,59.09,9.21,86.84,206.6,167.98,70.56,90.8,164.39,33.08,2.83,17.36,117.88,28.29,85.02,22.74,90.28,64.26,43.02,33.05,86.91,144.7,83.11,99.47,29.68,29.03,12.16,61.61,99.0,130.48,25.17,43.7,42.8,33.66,72.86,166.45,556.89,542.85,70.46,295.4,284.44,98.12,67.24,547.38,107.13,180.33,57.85,45.48,7.17,56.02,2.12,8.25,5.09,3.6,5.34,5.32,7.24,4.19,6.39,19.9,16.07,33.1,16.46,3.55,6.36,48.53,25.65,16.29,31.34,4.82,107.11,27.65,21.69,14.85,16.67,46.34,41.5,3.65,34.62,90.88,27.28,19.81,9.87,17.01,11.81,29.12,28.9,291.1,59.05,41.93,7.21,1870.01,17.96,31.33,26.45,31.47,21.75,100.57,3.13,8.09,39.12,24.26,20.52,68.07,63.71,120.46,4.29,261.65,9.45,39.41,11.0,35.43,50.69,23.23,6.36,7.37,6.9,13.15,64.92,8.88,14.46,13.2,6.3,10.38,54.2,48.77,26.79,30.56,50.21,10.16,9.14,9.44,21.23,17.61,4.11,7.3,14.66,4.4,22.25,5.82,8.8,14.35,2.82,40.72,4.67,4.56,27.71,7.45,,5.64,4.32,4.61,19.62,3.23,26.96,34.35,4.4,4.98,7.81,13.13,10.97,3.8,4.96,16.11,151.13,7.9,14.51,4.54,2.83,5.63,14.22,5.3,42.55,2.28,37.3,11.29,9.02,192.98,9.94,9.0,7.05,3.23,13.72,5.44,25.12,6.69,3.01,3.85,42.7,4.34,28.52,38.17,58.79,162.99,150.15,89.05,133.9,77.94,410.9,45.39,130.93,88.32,102.25,68.69,83.94,70.21,118.18,68.1,41.82,118.21,5.33,150.5,114.31,55.22,136.12,77.53,76.2,175.05,20.98,339.0,136.51,55.27,52.64,72.9,40.66
2022-08-24,12.4,16.62,23.91,9.38,5.34,4.4,5.88,4.14,21.26,51.39,11.34,31.71,5.16,53.14,214.2,243.73,15.17,30.04,182.31,8.93,18.59,3.84,28.18,16.08,25.74,28.28,8.43,167.24,15.35,10.39,26.38,17.51,40.91,23.13,22.27,14.18,24.1,19.53,31.77,5.77,43.8,161.5,27.91,7.75,39.89,17.8,54.2,27.71,63.1,13.26,37.7,14.71,34.69,5.65,31.02,169.5,62.62,49.1,287.83,47.8,14.47,30.23,67.4,89.91,119.13,36.65,14.47,20.18,22.56,309.5,5.56,18.25,4.57,4.4,23.78,52.45,59.24,9.13,86.19,201.8,166.32,69.05,88.25,159.0,31.38,2.79,17.18,108.48,28.5,82.94,22.42,89.91,61.3,42.46,30.7,83.26,136.58,80.5,98.2,28.33,27.9,11.49,60.8,92.64,126.54,24.77,43.46,42.44,32.48,71.91,160.07,524.0,515.88,66.38,293.81,282.99,94.15,63.36,548.0,100.3,180.6,57.1,44.58,7.15,56.18,2.07,8.15,5.1,3.59,5.29,5.27,7.19,4.16,6.31,19.54,15.46,32.84,16.42,3.5,6.28,47.81,25.24,15.97,30.41,4.74,105.89,26.55,21.7,14.57,16.13,45.95,40.71,3.53,34.48,89.0,26.97,19.29,9.65,16.71,11.52,28.38,28.5,289.6,58.43,40.79,7.13,1854.2,17.72,30.31,25.43,31.03,20.69,98.97,3.06,7.98,38.32,24.3,19.76,64.09,61.32,119.07,4.27,263.0,9.35,38.46,10.8,35.16,47.74,23.16,6.27,7.23,6.81,13.29,64.21,8.65,13.79,12.98,6.25,10.35,52.68,48.06,26.31,30.84,50.11,9.93,8.82,9.37,20.78,17.58,4.1,7.23,14.48,4.3,22.18,5.81,8.53,13.94,2.82,41.61,4.69,4.56,27.69,7.24,,5.59,4.32,4.61,19.71,3.15,28.3,33.43,4.4,4.92,7.7,12.97,10.61,3.74,4.92,15.85,145.91,7.77,14.41,4.51,2.82,5.61,14.23,5.33,40.82,2.24,35.13,10.96,8.88,189.8,9.85,8.88,6.99,3.22,13.61,5.43,23.57,6.61,3.01,3.75,41.77,4.32,27.41,37.17,56.57,158.6,148.5,87.8,132.44,77.43,394.63,44.6,128.23,84.8,95.17,67.15,81.55,67.46,116.1,65.83,41.56,114.97,5.15,148.0,109.21,53.3,130.81,75.21,73.57,168.0,20.3,324.83,136.07,53.3,49.51,71.0,39.7
2022-08-25,12.62,15.83,24.16,9.41,5.38,4.36,5.87,4.2,21.0,52.23,11.38,30.96,5.12,53.22,219.9,246.56,15.18,30.36,185.89,9.33,18.59,3.82,28.06,16.38,26.18,27.85,8.39,169.41,15.78,9.85,26.67,17.54,41.7,23.08,22.62,14.67,24.18,19.67,30.96,5.96,45.03,164.49,27.7,7.77,38.59,17.91,52.79,28.87,62.27,13.2,37.43,14.69,35.12,5.67,31.51,173.0,63.5,49.58,288.08,49.8,14.66,29.44,65.03,86.04,112.47,37.7,14.57,20.32,22.9,309.58,5.37,17.75,4.55,4.39,24.3,50.89,59.64,9.25,91.2,201.75,167.66,68.3,87.3,156.49,31.6,2.82,17.3,104.85,29.71,83.82,22.81,92.75,62.08,43.0,29.6,82.12,132.35,79.4,101.3,28.66,28.29,11.65,58.74,92.99,121.96,25.0,45.01,43.12,32.9,71.08,164.11,514.0,512.35,66.8,292.48,265.0,95.34,67.06,561.38,99.2,185.86,58.22,45.1,7.2,57.69,2.08,8.59,5.12,3.6,5.43,5.37,7.39,4.23,6.39,20.12,15.6,33.69,16.89,3.53,6.4,47.68,25.54,16.18,30.6,4.78,110.0,27.74,21.58,14.91,16.12,50.55,40.7,3.65,34.99,89.49,27.22,19.6,9.66,17.15,11.58,27.23,29.41,290.3,57.48,41.17,7.26,1885.0,18.03,30.47,25.23,32.1,20.48,100.52,3.1,8.07,38.56,24.46,19.55,63.03,61.49,118.29,4.3,276.0,9.52,37.3,11.12,35.8,47.95,23.59,6.34,7.31,6.96,13.7,65.26,8.85,14.04,13.15,6.36,10.51,52.85,49.46,26.48,32.38,50.83,10.18,8.88,9.31,20.73,17.9,4.11,7.31,14.73,4.35,23.6,5.83,8.63,14.22,2.83,43.1,4.82,4.58,28.48,7.29,6.23,5.68,4.34,4.77,20.27,3.23,29.2,34.99,4.44,5.02,7.83,13.16,10.54,3.76,4.95,15.89,146.36,7.93,15.0,4.57,2.83,5.62,14.46,5.49,39.56,2.27,34.4,11.13,9.01,192.82,10.38,9.13,7.12,3.23,14.07,5.45,23.37,6.68,3.03,3.82,42.19,4.37,27.53,36.82,56.69,152.33,148.54,88.65,123.15,78.31,392.0,45.59,129.2,85.9,92.9,66.01,79.89,67.17,125.6,66.14,41.6,114.35,5.22,149.35,108.2,54.17,129.95,72.53,72.67,164.13,20.22,318.6,138.0,53.02,50.04,69.85,39.88
2022-08-26,12.61,15.83,24.53,9.23,5.38,4.31,5.84,4.17,21.16,52.23,11.42,31.35,5.18,53.46,223.27,246.6,15.18,30.15,177.58,9.08,18.54,3.79,27.83,16.2,26.05,28.5,8.48,170.1,15.6,9.77,26.8,17.49,41.36,23.18,22.3,14.61,23.92,19.84,31.07,5.94,44.76,157.55,26.9,7.67,38.23,17.97,51.05,28.77,60.72,13.14,37.21,14.71,34.08,5.77,31.28,174.43,62.9,49.37,282.54,50.61,13.66,29.93,64.38,89.91,115.51,38.7,14.35,20.02,22.84,315.73,5.52,17.68,4.51,4.43,24.15,50.28,59.0,9.24,90.75,200.01,171.2,67.0,86.55,159.86,30.89,2.83,17.3,101.3,29.2,83.2,22.39,91.82,60.5,41.92,30.16,82.33,131.65,76.91,104.91,28.83,28.05,11.13,57.53,91.71,126.67,25.19,44.82,43.12,33.28,70.88,160.8,506.78,505.99,68.5,295.07,261.44,92.96,63.2,555.7,99.25,188.45,58.88,45.5,7.22,57.77,2.09,8.41,5.11,3.62,5.41,5.33,7.32,4.25,6.42,19.4,15.52,33.7,16.68,3.53,6.42,47.86,25.46,15.88,30.84,4.78,111.0,26.23,22.68,14.66,16.1,49.94,40.93,3.58,34.77,88.67,27.24,19.33,9.6,17.02,11.46,27.86,29.45,294.0,56.43,41.03,7.27,1898.0,18.09,32.44,24.94,31.81,20.0,108.0,3.09,8.05,38.12,24.33,19.33,62.51,60.66,117.34,4.48,286.93,9.51,37.52,11.07,36.19,48.17,23.39,6.28,7.24,7.08,14.3,65.17,8.73,14.04,13.11,6.36,10.54,53.06,49.89,25.88,31.26,50.95,10.26,8.81,9.36,20.14,17.88,4.11,7.29,14.72,4.32,22.64,5.83,8.49,14.49,2.82,43.12,4.82,4.58,28.2,7.3,6.3,5.63,4.35,4.7,20.29,3.19,29.44,35.35,4.43,5.01,7.73,13.13,10.72,3.74,4.92,15.61,151.3,7.89,14.97,4.56,2.83,5.61,14.79,5.44,41.88,2.24,34.44,10.97,8.98,192.41,10.12,9.15,7.01,3.24,13.78,5.47,23.7,6.56,3.02,3.77,41.81,4.36,26.65,36.71,55.83,151.18,148.21,89.55,118.95,79.16,388.0,45.9,129.45,83.8,92.1,66.06,80.15,66.65,124.33,66.62,42.13,114.9,5.19,150.3,104.88,53.39,125.72,71.36,72.07,162.2,20.11,318.0,141.88,52.5,49.7,70.55,40.27
2022-08-29,12.42,15.57,24.08,9.17,5.33,4.24,5.83,4.14,21.01,52.28,11.62,31.24,5.22,53.42,224.7,245.0,15.16,30.33,174.5,9.35,19.08,3.78,28.21,16.12,25.77,27.96,8.35,165.35,15.65,9.73,26.45,17.46,41.45,23.22,22.71,14.53,23.66,19.37,30.22,5.91,44.97,158.1,27.36,7.71,35.8,17.46,50.95,28.48,61.17,13.34,36.91,14.59,34.34,5.83,30.7,165.28,61.83,48.18,284.28,49.27,15.03,29.95,67.43,89.79,116.05,38.63,14.4,19.7,22.64,313.55,5.56,17.91,4.49,4.47,23.68,49.38,58.8,9.16,89.04,195.99,162.51,65.79,85.49,162.45,30.08,2.84,18.19,101.92,28.38,82.44,22.14,91.21,58.98,43.4,29.18,82.14,132.15,80.16,101.85,28.79,27.84,11.0,57.53,95.39,125.13,24.98,46.61,42.15,32.96,70.16,158.3,502.0,509.77,66.88,290.19,267.25,92.28,62.75,543.95,98.5,187.0,59.5,44.79,7.15,57.06,2.07,8.29,5.12,3.58,5.39,5.4,7.39,4.26,6.5,19.37,15.56,33.28,16.61,3.52,6.62,48.16,26.99,15.5,30.59,4.82,108.5,27.08,22.87,14.57,15.97,51.29,40.61,3.59,34.23,87.8,27.11,19.29,9.55,16.87,11.43,28.8,29.93,291.09,56.78,40.57,7.43,1878.82,17.9,32.7,24.67,31.42,19.29,108.5,3.09,8.0,38.48,24.57,19.11,64.6,61.63,115.6,4.43,285.3,9.45,37.9,11.11,35.95,49.91,23.3,6.29,7.27,7.01,14.03,63.82,8.64,14.06,13.14,6.39,10.62,53.41,49.99,25.71,31.88,53.16,10.39,8.82,9.24,20.09,16.93,4.1,7.31,14.68,4.4,23.09,5.84,8.41,14.3,2.82,43.07,4.78,4.56,28.06,7.22,6.22,5.67,4.33,4.7,20.17,3.21,29.02,33.96,4.43,5.04,7.96,13.02,10.94,3.74,5.03,15.52,146.64,7.93,15.23,4.53,2.83,5.6,14.59,5.48,42.85,2.25,34.28,10.93,9.05,192.25,10.72,9.02,6.91,3.25,13.6,5.45,23.6,6.63,3.02,3.82,41.69,4.42,26.23,36.64,55.41,151.99,150.0,88.52,120.79,78.57,400.51,46.0,125.75,81.8,91.62,65.59,78.04,68.32,122.48,66.05,43.6,114.49,5.14,150.4,105.59,54.68,125.57,70.63,72.57,163.0,20.0,316.0,141.97,52.18,49.24,73.6,40.08
2022-08-30,12.48,15.89,24.5,9.23,5.4,4.2,5.84,4.15,20.23,52.3,11.47,31.25,5.19,51.29,226.15,245.11,15.35,30.55,175.05,9.18,19.51,3.73,28.0,16.18,25.67,27.72,8.3,164.03,15.84,9.71,26.69,17.41,41.76,23.12,22.2,14.75,23.51,19.48,30.95,5.85,45.23,154.5,27.19,7.62,35.95,17.28,50.79,28.27,61.88,13.23,37.42,14.7,32.42,5.83,30.25,163.85,61.72,49.12,287.51,48.53,15.09,29.82,67.77,90.56,115.63,37.83,14.15,20.17,22.79,310.85,5.57,17.74,4.57,4.57,22.61,50.0,59.16,9.19,90.74,193.8,164.09,66.0,85.74,159.25,29.69,2.84,18.8,100.55,28.65,83.78,21.96,91.35,58.38,43.36,28.45,83.19,127.28,80.4,102.18,27.42,27.93,10.95,58.6,96.82,126.0,24.69,46.7,42.15,33.56,70.48,162.8,491.5,506.65,66.45,289.0,256.99,96.7,62.69,551.99,97.47,187.2,58.83,45.17,7.19,56.32,2.04,8.13,5.13,3.59,5.39,5.36,7.34,4.29,6.51,19.25,15.58,33.79,16.95,3.58,6.58,47.38,26.2,15.48,30.37,4.91,108.25,26.63,22.27,14.4,16.02,48.31,40.08,3.55,33.67,88.45,27.05,19.14,9.54,16.72,11.61,28.58,29.4,288.36,55.56,40.73,7.45,1870.0,17.92,33.33,24.9,30.99,20.07,108.48,3.14,8.03,38.7,25.4,19.04,64.96,59.63,115.01,4.41,284.09,9.41,37.8,10.96,36.13,47.88,23.28,6.21,7.33,7.14,14.03,64.1,8.65,13.83,13.11,6.45,10.6,52.8,49.33,25.6,30.52,50.46,10.45,8.71,9.2,20.42,16.82,4.13,7.37,14.68,4.39,21.94,5.87,8.43,14.77,2.82,42.89,4.92,4.56,28.34,7.32,6.18,5.74,4.36,4.62,20.47,3.21,29.5,34.2,4.43,5.07,7.83,13.11,11.44,3.74,5.03,15.72,144.7,8.01,15.35,4.56,2.85,5.61,15.28,5.47,41.49,2.23,33.96,10.92,9.02,190.4,10.26,8.9,6.92,3.24,14.41,5.47,23.29,6.48,3.03,3.84,41.51,4.47,26.39,37.15,56.11,149.85,147.91,87.35,117.54,78.25,419.5,46.21,129.93,80.68,93.26,64.56,77.72,66.05,121.96,65.35,43.55,112.52,5.09,149.03,105.8,54.42,125.3,69.64,70.03,173.96,20.17,313.82,145.43,52.4,49.24,73.44,40.1
2022-08-31,12.75,16.63,24.5,9.08,5.35,4.15,5.77,4.18,19.26,53.24,11.63,31.3,5.21,52.36,234.2,255.15,14.52,31.93,177.08,9.05,19.77,3.7,27.94,16.44,26.29,27.8,8.16,167.19,15.71,9.7,26.81,17.3,42.17,23.21,21.16,14.62,22.47,19.76,29.83,6.06,45.85,156.01,25.64,7.52,34.36,16.84,48.11,29.83,60.85,12.83,37.49,14.74,32.48,5.84,30.36,164.46,61.0,49.43,282.0,49.05,14.3,29.87,65.57,85.7,114.24,37.52,14.16,20.37,23.31,287.98,5.5,17.58,4.58,4.58,21.93,47.55,58.62,9.25,95.47,193.0,171.55,67.6,84.92,153.0,29.66,2.81,18.93,94.99,29.42,85.13,22.2,94.05,59.97,43.65,27.3,81.55,111.4,76.0,108.35,27.1,27.8,10.88,55.16,96.57,122.97,23.72,46.96,42.69,33.69,71.48,160.2,483.0,468.0,68.05,298.5,229.75,101.74,61.46,559.0,93.4,186.2,60.4,45.68,7.27,56.42,2.01,8.18,5.14,3.6,5.41,5.33,7.27,4.27,6.44,19.52,15.75,35.05,17.3,3.55,6.57,46.75,24.78,15.47,30.14,4.91,111.7,25.04,22.28,14.41,15.9,48.0,40.36,3.39,34.66,88.57,27.2,19.2,9.54,16.38,11.66,27.45,29.17,300.99,52.88,39.66,7.36,1924.0,17.9,33.64,24.79,31.92,20.09,108.0,3.11,8.02,39.06,25.87,18.67,64.6,58.76,116.39,4.35,293.0,9.48,38.01,11.15,35.74,45.97,23.98,6.1,7.41,7.25,14.33,64.02,8.66,13.58,13.25,6.45,10.62,51.2,49.18,26.64,30.34,48.94,10.31,8.62,9.29,20.82,17.11,4.13,7.43,14.79,4.35,22.0,5.91,8.46,13.91,2.85,43.84,4.99,4.58,28.81,7.32,6.21,5.75,4.38,4.51,20.97,3.21,30.7,33.46,4.51,5.14,7.72,13.14,11.33,3.75,5.01,16.04,140.28,8.04,14.63,4.63,2.87,5.61,15.69,5.34,40.03,2.26,31.63,10.93,9.9,195.5,9.98,8.8,6.95,3.25,14.2,5.52,22.75,6.37,3.04,3.79,41.7,4.48,26.29,36.7,56.93,134.87,149.28,89.65,112.2,80.56,396.58,46.2,127.65,81.6,93.74,63.38,74.74,64.88,130.5,66.67,44.38,115.97,4.92,152.29,103.59,55.5,123.18,68.26,69.46,180.12,20.6,320.03,143.05,52.4,49.77,71.49,40.21
2022-09-01,12.61,16.84,24.03,9.13,5.32,4.08,5.82,4.2,18.81,55.11,11.5,29.47,5.2,51.97,230.68,254.8,14.41,32.85,173.41,9.15,19.26,3.62,27.42,16.24,27.03,27.05,8.12,163.56,15.65,9.74,26.54,17.25,41.45,23.25,20.71,14.66,22.42,20.46,29.98,5.88,45.97,155.85,25.47,7.48,33.86,17.93,48.57,29.84,62.11,12.8,37.17,14.62,31.62,5.79,30.88,159.58,60.68,48.86,280.85,49.57,14.18,29.7,67.9,84.05,107.92,35.9,14.14,20.06,23.1,286.7,5.42,17.16,4.44,4.51,21.89,46.98,58.7,9.22,100.5,194.18,170.32,69.02,84.63,146.2,28.99,2.79,19.48,94.59,29.07,83.9,21.88,98.75,57.23,43.3,26.7,80.53,111.8,74.47,108.44,26.75,27.63,10.67,53.81,99.24,119.01,24.02,47.4,41.4,33.8,71.3,155.94,467.54,454.6,65.8,295.0,232.46,98.65,60.7,540.06,92.26,184.02,59.37,45.45,7.23,54.77,2.0,7.87,5.16,3.61,5.33,5.33,7.32,4.23,6.15,19.3,15.85,34.5,17.31,3.54,6.59,44.81,24.62,15.3,30.09,4.7,110.16,24.85,22.26,14.23,15.88,49.7,40.9,3.37,34.34,88.11,27.31,19.21,9.52,16.33,11.7,27.31,28.74,298.3,52.82,39.3,7.32,1880.89,17.82,34.5,24.63,31.6,20.37,105.97,3.15,7.96,39.45,26.21,18.44,62.71,58.58,114.56,4.36,292.58,9.39,38.41,11.38,34.55,45.88,23.91,6.0,7.33,7.25,14.14,64.46,8.54,13.46,13.11,6.54,10.56,51.65,46.69,26.8,31.11,49.05,9.84,8.69,9.22,20.76,17.11,4.14,7.49,14.73,4.32,23.51,5.92,8.32,13.92,2.83,43.65,5.0,4.57,28.85,7.26,6.16,5.82,4.36,4.48,20.82,3.21,30.45,32.25,4.49,5.15,7.65,13.0,11.38,3.76,4.96,15.84,141.8,8.17,14.72,4.51,2.88,5.59,15.45,5.36,39.65,2.23,31.03,10.56,9.32,186.8,10.26,8.65,6.85,3.22,13.7,5.49,22.32,6.29,3.05,3.76,41.17,4.55,27.23,36.48,55.9,139.32,150.52,87.75,106.97,78.61,395.0,44.28,131.5,81.69,90.58,63.08,74.86,63.2,129.97,66.78,44.22,112.95,4.93,149.8,100.32,56.48,121.7,67.13,69.4,190.61,20.05,325.81,139.96,51.16,49.7,73.12,39.95
2022-09-02,12.51,16.8,24.27,9.26,5.16,4.1,5.82,4.16,19.16,53.65,11.47,29.27,5.14,51.69,225.5,245.67,14.4,33.02,175.96,9.02,18.83,3.62,27.27,16.1,26.72,26.85,8.1,161.84,15.71,9.67,26.38,17.31,40.96,23.17,20.9,14.5,22.08,20.05,30.35,5.86,45.8,154.72,25.95,7.47,33.7,17.6,47.61,29.8,62.66,12.73,37.39,14.63,32.59,5.81,30.51,154.41,60.5,48.45,285.55,49.01,15.27,29.5,66.6,82.86,105.22,37.9,14.05,20.28,22.79,282.0,5.61,17.0,4.63,4.54,21.78,47.14,59.0,9.19,96.98,190.0,164.79,67.72,84.65,142.2,29.38,2.81,19.31,94.66,28.72,83.54,21.9,97.05,57.88,44.0,27.26,80.93,108.66,74.13,104.83,27.08,28.03,10.9,51.65,103.55,118.97,24.04,47.1,41.6,33.42,73.45,157.76,466.26,450.09,65.55,296.0,228.77,102.05,61.17,537.37,92.64,181.4,59.68,44.96,7.21,55.08,2.0,8.2,5.15,3.62,5.3,5.27,7.47,4.26,6.19,19.24,15.61,34.32,17.02,3.53,6.5,44.29,24.09,15.26,30.16,4.76,106.9,26.1,22.28,14.12,15.91,49.29,40.21,3.34,33.9,86.95,27.27,19.15,9.53,16.17,11.47,26.36,28.1,296.11,52.21,39.94,7.29,1875.0,17.69,34.37,24.88,31.17,20.15,102.0,3.11,8.04,39.78,25.63,18.44,63.25,58.64,113.9,4.48,288.53,9.32,38.13,11.56,33.9,45.22,23.82,6.02,7.28,7.34,14.18,64.18,8.44,13.4,13.16,6.5,10.58,50.95,47.01,26.89,30.66,47.28,9.79,8.9,9.31,20.31,17.03,4.14,7.47,14.62,4.32,23.11,5.91,8.27,13.94,2.83,43.7,5.0,4.58,28.68,7.38,6.09,5.78,4.35,4.45,20.75,3.18,29.7,31.65,4.45,5.11,7.65,12.92,12.52,3.79,4.94,15.85,141.7,8.08,15.01,4.47,2.87,5.59,15.34,5.42,38.28,2.22,30.42,10.83,9.29,180.31,10.06,8.52,6.88,3.22,13.33,5.48,22.44,6.31,3.04,3.78,41.55,4.57,26.93,36.63,56.82,136.57,149.0,86.25,117.67,78.0,390.25,43.51,129.59,79.8,89.87,62.09,74.51,63.17,127.71,66.12,44.0,113.25,4.9,146.13,100.0,57.54,123.51,67.2,69.45,188.35,20.16,313.36,141.48,51.64,50.46,72.8,40.4
